Rank,PlayoffProgScore,GP,W,L,WIN%,MIN,PTS,FGM,FGA,FG%,3PM,3PA,3P%,FTM,FTA,FT%,OREB,DREB,REB,AST,TOV,STL,BLK,BLKA,PF,PFD,POSS,OFFRTG,DEFRTG,NETRTG,AST/TO,AST RATIO,OREB%,DREB%,REB%,TOV%,EFG%,TS%,PACE,PlayoffNextSeason
7,0,34,4,30,11.76470588235294,6825,2534,895,2258,39.636846767050486,202,598,33.77926421404682,542,725,74.75862068965517,340,737,1077,492,593,285,142,134,796,726,2721.914350378644,93.09624307787261,105.77114594364454,-12.674902865771926,0.8296795952782462,18.075513652057353,5.647840531561462,12.952548330404218,9.197267292912041,18.706624605678233,44.10983170947741,49.16569654637175,79.76305788655367,1
8,0,32,8,24,25.0,6475,2186,812,1903,42.669469259064634,131,386,33.93782383419689,431,577,74.69670710571924,305,630,935,551,496,222,90,123,713,596,2260.639241496863,96.6983125778423,107.44748456156401,-10.749171983721709,1.1108870967741935,24.373636884899867,6.295149638802889,13.179916317991632,9.714285714285714,18.696661741202014,46.11140304781923,50.67504914506138,69.82669471804984,1
4,3,32,18,14,56.25,6500,2055,746,1780,41.91011235955056,153,428,35.74766355140187,410,528,77.65151515151516,309,639,948,467,474,217,114,124,605,579,2087.801725811397,98.42888692897075,96.22561257435633,2.203274354614422,0.9852320675105485,22.368024426194328,7.054794520547945,13.001017293997965,10.199031737493275,19.064319958814636,46.20786516853933,51.06046752007634,64.24005310188915,1
2,1,32,18,14,56.25,6450,2241,770,1790,43.01675977653631,211,527,40.03795066413662,490,663,73.90648567119156,302,653,955,496,408,241,105,103,647,600,2116.6465685837065,105.87502104801092,100.77261039509473,5.102410652916191,1.2156862745098038,23.433293368948423,6.550976138828633,13.776371308016877,10.213903743315509,16.387384926819077,48.910614525139664,53.825682608612105,65.63245173902966,1
2,1,34,18,16,52.94117647058824,6850,2217,787,1881,41.839447102605,187,517,36.17021276595745,456,590,77.28813559322035,342,629,971,499,497,279,115,104,697,606,2191.7945615763547,101.14999091910866,100.14624721129613,1.0037437078125322,1.0040241448692153,22.766732281747956,7.102803738317757,12.394088669950738,9.817997977755308,18.842887473460724,46.81020733652312,51.78454638886294,63.99400179784977,0
5,0,34,16,18,47.05882352941176,6900,2092,745,1744,42.71788990825688,166,459,36.165577342047925,436,590,73.89830508474576,256,616,872,426,479,210,134,114,648,595,2150.1307729095392,97.29640756543951,100.83107629152623,-3.5346687260867213,0.8893528183716075,19.812748385696572,5.791855203619909,12.520325203252032,9.336188436830835,19.294288246193506,47.477064220183486,52.20602914753444,62.32263109882722,0
6,0,34,6,28,17.647058823529413,6945,2095,772,1913,40.35546262415055,104,301,34.55149501661129,447,624,71.63461538461539,316,609,925,493,535,284,113,146,727,654,2308.233007931192,90.76206746898976,101.159631284053,-10.39756381506325,0.9214953271028037,21.358329003442456,6.2204724409448815,12.634854771784232,9.343434343434344,19.650622943112364,43.07370622059592,47.8844008850043,66.47179288498752,0
7,0,34,5,29,14.705882352941178,6800,2322,858,2175,39.44827586206897,157,536,29.291044776119403,449,643,69.82892690513219,357,680,1037,509,527,277,125,120,674,584,2535.944281659028,91.56352593365874,105.95658664243798,-14.393060708779245,0.9658444022770398,20.07141890621546,5.866885784716516,12.842304060434373,9.112478031634446,17.655414550473715,43.05747126436781,47.23506053899232,74.58659651938318,0
6,0,34,14,20,41.17647058823529,6972,2525,925,2277,40.62362758014932,186,544,34.19117647058824,489,723,67.63485477178423,383,782,1165,597,510,262,112,138,634,683,2622.0398516191744,96.2990702998183,99.5789594268616,-3.2798891270433046,1.1705882352941177,22.76853266098674,6.232709519934907,13.47114556416882,9.748953974895397,16.424486010202504,44.707949055775146,48.649002743611085,75.21628948993614,0
5,0,34,12,22,35.294117647058826,6875,2472,899,2100,42.80952380952381,110,341,32.25806451612903,564,812,69.45812807881774,357,770,1127,548,525,269,149,124,639,681,2547.4428906125722,97.0384854989063,98.5301774280966,-1.4916919291902957,1.0438095238095237,21.511767820954955,6.203301476976542,13.556338028169014,9.85570616528203,17.603980846868836,45.42857142857143,50.299518166427916,74.10742954509301,0
2,2,32,17,15,53.125,6500,2185,809,1828,44.25601750547046,141,407,34.64373464373464,426,570,74.73684210526315,331,603,934,539,538,259,91,95,647,693,2209.2260563707464,98.90341432915451,96.05173693659765,2.8516773925568657,1.0018587360594795,24.397684358542005,7.141316073354909,13.704545454545455,10.337576092971776,20.55946193824518,48.11269146608315,52.55435828362517,67.97618634986912,1
1,1,32,22,10,68.75,6425,2004,763,1770,43.10734463276836,106,335,31.64179104477612,372,505,73.66336633663366,297,662,959,503,444,267,83,127,532,597,2058.6093708724366,97.34726890661665,86.85474890470587,10.492520001910776,1.132882882882883,24.433970189634817,6.666666666666667,13.806047966631908,10.367567567567567,18.225104671209262,46.101694915254235,50.296155004517615,64.08122555244938,0
7,0,32,10,22,31.25,6550,2071,760,1820,41.75824175824176,121,374,32.35294117647059,430,553,77.75768535262206,295,674,969,480,451,221,83,109,567,613,2140.3659367838045,96.75915526444808,99.98290307383819,-3.2237478093901046,1.06430155210643,22.426071717496416,6.310160427807487,14.159663865546218,10.27027027027027,17.93725540106271,45.082417582417584,50.186107826221814,65.35468509263525,1
3,2,34,18,16,52.94117647058824,6875,2384,864,2102,41.103710751665076,177,549,32.240437158469945,479,646,74.14860681114551,333,762,1095,520,434,270,111,88,663,669,2413.9226408993773,98.76041425717649,99.79607296373246,-1.0356587065559637,1.1981566820276497,21.541701096364,5.816593886462882,13.51063829787234,9.634843818741752,15.388761240178143,45.31398667935299,49.953064234947036,70.22320409889097,1
1,3,34,18,16,52.94117647058824,6900,2335,876,2051,42.71087274500244,149,467,31.905781584582442,434,590,73.5593220338983,321,724,1045,572,462,299,96,113,610,627,2370.2363274402433,98.51338336889398,97.2054969087502,1.3078864601437772,1.2380952380952381,24.132614683943192,5.955473098330241,14.058252427184467,9.9146110056926,16.663059943735124,46.343247196489514,50.52800138492167,68.70250224464473,1
1,4,34,26,8,76.47058823529412,6800,2474,916,2025,45.23456790123457,130,373,34.852546916890084,512,688,74.4186046511628,322,788,1110,573,452,236,130,79,624,675,2376.803098301113,104.0893964572985,94.4125325991018,9.676863858196711,1.2676991150442478,24.108013003246583,6.133333333333334,13.848857644991213,10.146252285191956,16.260630567107476,48.44444444444444,53.14213049679514,69.9059734794445,1
1,2,34,26,8,76.47058823529412,6825,2683,982,2216,44.314079422382676,174,510,34.11764705882353,545,675,80.74074074074075,342,926,1268,630,514,252,153,103,530,646,2605.5927106790123,102.97081309000191,92.7620034433599,10.20880964664201,1.2256809338521402,24.178759689415283,6.08,14.290123456790123,10.475010326311441,16.980508754542452,48.24007220216607,53.38241146040589,76.35436514810293,1
3,1,34,18,16,52.94117647058824,6925,2675,1001,2327,43.01675977653631,195,572,34.090909090909086,478,615,77.72357723577235,354,868,1222,619,540,272,156,85,641,633,2691.5804831318783,99.38398709472787,96.33744992023527,3.046537174492599,1.1462962962962964,22.997640378181888,5.919732441471572,14.406639004149378,10.179092044981259,17.21060683324834,47.20670391061452,51.4898367724053,77.73517640814089,1
2,1,34,21,13,61.76470588235294,6850,2690,965,2286,42.21347331583552,221,669,33.03437967115097,539,723,74.55048409405256,370,869,1239,607,487,211,97,104,629,703,2625.8196729518722,102.44420162242056,96.76978301954298,5.67441860287758,1.2464065708418892,23.11659122111869,6.115702479338843,14.141578519121238,10.15990159901599,15.754807319029997,47.047244094488185,51.64892554874584,76.66626782341233,0
5,0,32,14,18,43.75,6425,2331,868,1980,43.83838383838384,76,273,27.83882783882784,519,699,74.2489270386266,341,644,985,503,530,260,88,148,701,672,2380.516708884184,97.91991760866934,101.9106478415409,-3.990730232871556,0.9490566037735849,21.12986639088832,6.952089704383282,13.21025641025641,10.071574642126789,18.81060208123341,45.75757575757576,50.94948329224152,74.10168743608355,0
7,0,32,10,22,31.25,6550,2103,774,1914,40.43887147335423,143,405,35.30864197530864,412,542,76.01476014760148,324,621,945,469,498,225,82,109,602,591,2234.37435,94.12030710073269,101.5496798913754,-7.4293727906427165,0.9417670682730924,20.990215896454416,6.315789473684211,13.8,9.813084112149532,18.789049530651052,44.17450365726228,48.85062811268862,68.22517099236642,0
8,0,32,9,23,28.125,6450,2114,766,1919,39.916623241271495,110,364,30.21978021978022,472,651,72.50384024577573,360,719,1079,478,541,201,132,139,609,637,2290.8979890437713,92.27822496288414,98.91317775113313,-6.634952788248995,0.8835489833641405,20.865180478835676,6.997084548104956,13.920619554695064,10.465567410281281,19.69822752363059,42.782699322563836,47.92694428322693,71.03559655949678,1
1,4,34,25,9,73.52941176470588,6900,2553,902,2004,45.00998003992016,125,323,38.69969040247678,624,882,70.74829931972789,379,851,1230,545,608,263,158,129,605,774,2541.720099298042,100.44379004222665,94.22752728207317,6.216262760153484,0.8963815789473685,21.442172179010388,7.198480531813865,13.71474617244158,10.72362685265911,20.26612623663369,48.12874251497006,53.36359987960269,73.673046356465,1
3,1,34,17,17,50.0,6850,2366,874,2097,41.67858845970434,62,209,29.665071770334926,556,792,70.2020202020202,397,773,1170,564,513,277,148,131,648,728,2455.667936313989,96.34853169730341,96.9593634705323,-0.610831773228881,1.0994152046783625,22.967274673406223,7.045252883762201,14.080145719489982,10.51685393258427,17.339985397907032,43.15689079637578,48.37496115282071,71.69833390697778,1
4,1,34,16,18,47.05882352941176,6925,2247,831,2060,40.33980582524272,76,238,31.932773109243694,509,774,65.76227390180878,412,803,1215,474,571,241,155,136,761,744,2461.8704823114836,91.27206391013151,92.89684475410358,-1.6247808439720757,0.830122591943958,19.25365300106913,7.121866897147796,14.925650557620818,10.882221227048813,19.21549623766641,42.18446601941748,46.80157963141934,71.10095255773237,1
2,4,34,23,11,67.64705882352942,6825,2527,919,2220,41.3963963963964,136,414,32.850241545893724,553,746,74.12868632707776,406,880,1286,572,537,213,137,108,711,733,2570.480947271246,98.30845090225608,92.74528965214822,5.563161250107868,1.0651769087523277,22.25264500043153,6.963979416809606,14.617940199335548,10.852320675105485,17.4054530603778,44.45945945945946,49.58324176686655,75.3254490042856,1
1,3,34,24,10,70.58823529411765,6850,2697,972,2261,42.989827509951354,158,442,35.74660633484163,595,785,75.79617834394905,380,931,1311,563,564,227,117,117,702,767,2700.4451822858728,99.87242169148732,94.05856547882009,5.813856212667233,0.99822695035461,20.84841431676209,6.551724137931035,15.016129032258064,10.925,17.789553368660105,46.48385670057497,51.73802946593001,78.84511481126636,1
1,4,34,22,12,64.70588235294117,6875,2672,974,2295,42.4400871459695,168,476,35.294117647058826,556,744,74.73118279569893,405,843,1248,604,496,278,118,119,724,762,2618.3458326645705,102.04916274489332,96.32035495607073,5.728807788822593,1.217741935483871,23.067999362992357,6.9468267581475125,14.447300771208226,10.698671238748393,15.905796636693646,46.10021786492375,50.946475693649994,76.17006058660569,1
2,4,32,27,5,84.375,6475,2475,891,1894,47.04329461457233,172,491,35.03054989816701,521,634,82.17665615141956,273,724,997,494,440,284,104,85,554,648,2262.6059112426037,109.38714460622758,91.31064272988532,18.076501876342263,1.1227272727272728,21.833232095141987,6.169491525423729,14.280078895463511,10.500263296471827,16.839140285346886,51.58394931362197,56.949966865473826,69.88744127390282,1
4,1,32,19,13,59.375,6450,2047,747,1908,39.15094339622642,138,435,31.724137931034484,415,539,76.99443413729128,348,710,1058,426,436,251,95,120,509,561,2148.9957578989665,95.25379435840833,92.78752611170796,2.4662682467003663,0.9770642201834863,19.823212699893478,6.737657308809293,14.101290963257199,10.372549019607844,16.891630119791103,42.76729559748428,47.71205877417069,66.63552737671213,1
2,1,32,24,8,75.0,6425,2072,755,1778,42.46344206974128,109,332,32.831325301204814,453,585,77.43589743589745,299,702,1001,450,455,260,126,71,467,606,2133.83665677547,97.10209042575386,88.66658063973277,8.435509786021086,0.989010989010989,21.08877446505272,6.209761163032191,13.887240356083087,10.141843971631205,18.27015740443302,45.52868391451069,50.899086174707676,66.42293095020919,1
2,1,34,20,14,58.82352941176471,6825,2244,828,1916,43.21503131524008,115,344,33.43023255813954,473,600,78.83333333333333,266,764,1030,465,450,231,129,122,490,634,2282.585966310514,98.30955035735707,93.84093443202265,4.468615925334419,1.0333333333333334,20.371631424318643,5.462012320328542,14.3879472693032,10.11787819253438,17.11026615969582,46.2160751565762,51.46788990825688,66.88896604572935,0
6,0,34,13,21,38.23529411764706,6850,2177,798,1933,41.282979824107606,123,358,34.357541899441344,458,615,74.47154471544715,311,724,1035,451,484,242,107,129,555,655,2295.343673436958,94.84418499911366,96.325444663776,-1.481259664662332,0.9318181818181818,19.648473787138386,6.032977691561591,13.673276676109538,9.904306220095695,18.00863223694002,44.46456285566477,49.396442185514616,67.01733353100607,1
3,2,34,19,15,55.88235294117647,6875,2309,860,1920,44.79166666666667,62,205,30.24390243902439,527,690,76.37681159420289,276,684,960,467,425,246,105,111,581,685,2304.5603618649966,100.19264577350495,98.19660345839831,1.996042315106635,1.0988235294117648,20.264168720756523,5.73208722741433,14.279749478079331,9.994794377928162,16.046213093709884,46.40625,51.92030940816694,67.04175598152717,1
3,1,34,18,16,52.94117647058824,6925,2507,928,2098,44.232602478551,169,472,35.80508474576271,482,678,71.09144542772862,303,822,1125,532,566,252,84,89,617,705,2589.2460652175632,96.82355159973362,94.58351729866281,2.240034301070807,0.9399293286219081,20.54652152016685,5.559633027522936,14.184641932700604,10.004446420631393,19.10664614221286,48.2602478551001,52.309374374040196,74.77966975357583,0
5,0,34,13,21,38.23529411764706,6800,2510,915,2149,42.57794322940903,126,365,34.52054794520548,554,721,76.8377253814147,374,770,1144,558,633,289,109,160,655,677,2624.2010769849876,95.64815829142955,100.14476493620592,-4.496606644776364,0.8815165876777251,21.263614472756053,6.831050228310502,13.848920863309353,10.367014046216584,20.424362101676543,45.50953932061424,50.887180485273134,77.18238461720551,0
7,0,32,9,23,28.125,6425,2213,796,1838,43.30794341675735,193,521,37.04414587332054,428,569,75.21968365553603,285,647,932,501,518,271,126,75,642,612,2241.972104770972,98.70774017619048,102.1422164498311,-3.4344762736406125,0.9671814671814671,22.346397572648637,6.209150326797386,13.367768595041323,9.883351007423117,19.874460934022927,48.5582154515778,52.98415981918826,69.78901493450496,0
6,0,32,10,22,31.25,6475,2153,762,1822,41.822173435784855,157,446,35.2017937219731,472,591,79.86463620981388,286,649,935,458,491,242,118,140,600,616,2223.0415711676605,96.84929098600388,101.16769875871934,-4.31840777271546,0.9327902240325866,20.602403748996643,6.046511627906977,13.591623036649215,9.836927932667017,19.082486086496907,46.130625686059275,51.7040979039788,68.66537671560341,1
4,1,32,16,16,50.0,6425,2097,731,1825,40.054794520547944,180,543,33.14917127071823,455,580,78.44827586206897,315,633,948,447,438,268,100,145,559,647,2129.8801894957087,98.45624229673248,99.95867422496111,-1.5024319282286314,1.0205479452054795,20.987095997443692,6.569343065693431,13.745928338762216,10.085106382978724,17.39337622111032,44.986301369863014,50.40380732621864,66.29977243566408,0
5,0,34,16,18,47.05882352941176,6875,2337,839,2011,41.720537046245646,210,600,35.0,449,563,79.75133214920072,334,654,988,539,474,299,121,170,668,631,2301.698926805143,101.53369638329963,100.83855768320002,0.695138700099605,1.1371308016877637,23.417484959605694,6.607319485657764,13.582554517133957,10.010131712259373,17.34535554319506,46.941819990054704,51.73283983849261,66.95851423433143,0
6,0,34,15,19,44.11764705882353,6850,2198,791,2011,39.33366484336151,166,481,34.511434511434516,450,580,77.58620689655173,396,705,1101,555,486,261,134,162,639,603,2268.7895605450476,96.87985339071989,98.95144261245046,-2.0715892217305765,1.1419753086419753,24.46238336298887,7.306273062730627,14.300202839756592,10.63768115942029,17.658600392413344,43.460964694181996,48.49527843967876,66.24203096481891,1
2,2,34,21,13,61.76470588235294,6925,2170,784,1958,40.04085801838611,150,468,32.05128205128205,452,595,75.96638655462185,341,671,1012,493,477,336,95,113,668,644,2278.573252511507,95.23503348457925,93.61121033299887,1.6238231515803818,1.0335429769392033,21.63634631700349,6.482889733840304,14.126315789473685,10.10989010989011,17.687629783447047,43.871297242083756,48.878277322281285,65.80716974762474,1
3,1,34,21,13,61.76470588235294,6850,2435,873,2144,40.718283582089555,171,551,31.03448275862069,518,676,76.62721893491124,339,755,1094,501,528,354,93,105,606,685,2534.3382726699756,96.08030728410533,91.38480150718192,4.695505776923412,0.9488636363636364,19.768473901165,6.097122302158273,14.477468839884947,10.153132250580047,17.781130448838837,44.70615671641791,49.86811062323874,73.99527803415987,1
2,2,34,21,13,61.76470588235294,6875,2480,907,2167,41.85509921550531,188,546,34.43223443223443,478,617,77.47163695299838,341,812,1153,511,589,308,136,114,646,663,2602.5056260956935,95.29278150766277,91.06608555369385,4.226695953968914,0.8675721561969439,19.634923931619223,6.003521126760563,13.751058425063505,9.952524816573154,19.45512439388534,46.192893401015226,50.85135002132476,75.70925457732928,1
4,1,34,17,17,50.0,6950,2473,876,2179,40.20192748967416,226,662,34.13897280966767,495,656,75.45731707317073,349,778,1127,500,585,324,165,130,727,659,2615.7971111020142,94.54097145011927,93.92930321590904,0.611668234210228,0.8547008547008547,19.11463231906981,5.905245346869712,13.942652329749103,9.80852915578764,19.163740237957963,45.38779256539697,50.108605793389636,75.27473701012991,1
1,2,32,28,4,87.5,6450,2417,861,1956,44.01840490797546,150,452,33.1858407079646,545,693,78.64357864357865,308,783,1091,586,466,271,156,105,705,650,2353.091212992982,102.71595026381193,92.17662230956063,10.539327954251306,1.257510729613734,24.90341202093247,6.247464503042596,14.45983379501385,10.5461575640406,17.088876828069765,47.85276073619632,53.45169223148098,72.96406861993742,1
1,4,32,28,4,87.5,6475,2441,916,2031,45.10093549975382,160,436,36.69724770642202,449,594,75.58922558922558,350,755,1105,596,438,281,138,114,616,591,2287.1701570536056,106.72577169092492,94.70218004200875,12.023591648916167,1.360730593607306,26.05840226456012,7.164790174002047,14.394661582459484,10.908193484698915,16.041840636399595,49.039881831610046,53.242073670802135,70.64618245725423,1
1,4,32,25,7,78.125,6475,2452,891,2002,44.505494505494504,194,515,37.66990291262136,476,645,73.7984496124031,329,814,1143,583,517,257,161,111,664,623,2378.7616759506022,103.07884244099948,93.95644896233028,9.122393478669196,1.127659574468085,24.50855022149376,6.75564681724846,14.432624113475176,10.875356803044719,18.445839874411302,49.35064935064935,53.635488669174904,73.47526412202632,1
1,3,34,24,10,70.58823529411765,6900,2499,894,2140,41.77570093457944,174,528,32.95454545454545,537,678,79.20353982300885,336,813,1149,587,470,242,161,127,682,654,2497.5848567345733,100.05666046787603,97.37406893072209,2.6825915371539395,1.248936170212766,23.50270495984123,5.973333333333334,14.402125775022144,10.195208518189885,16.1605325411234,45.8411214953271,51.24429935365333,72.39376396332096,1
1,1,34,25,9,73.52941176470588,6975,2495,904,2069,43.692605123247944,157,414,37.92270531400966,530,722,73.40720221606648,312,809,1121,626,529,262,148,114,731,704,2515.218720761386,99.19614462970975,93.86857614057905,5.327568489130698,1.1833648393194707,24.888491598476275,6.005774783445621,14.094076655052264,10.25148605395519,18.143280469736048,47.48670855485742,52.26926106558064,72.12096690355229,1
4,1,34,17,17,50.0,6800,2326,873,2042,42.75220372184133,124,387,32.041343669250644,456,630,72.38095238095238,321,683,1004,551,492,264,136,115,737,654,2390.419712635707,97.3050877929434,98.09992728910242,-0.7948394961590282,1.1199186991869918,23.05034538861213,6.233009708737864,13.458128078817735,9.819070904645477,17.501422879908937,45.78844270323212,50.14660227664712,70.30646213634432,1
1,2,34,25,9,73.52941176470588,6825,2575,962,2195,43.82687927107061,111,377,29.44297082228117,540,726,74.3801652892562,350,852,1202,610,534,296,129,128,679,636,2614.8722348484853,98.47517464459231,94.6891388038876,3.786035840704713,1.142322097378277,23.328099624544198,6.386861313868613,14.343434343434344,10.525394045534151,17.517156316017374,46.35535307517084,51.20424428500978,76.62629259629261,0
7,0,34,10,24,29.411764705882355,6900,2533,940,2305,40.780911062906725,160,456,35.08771929824561,493,627,78.62838915470495,356,783,1139,554,571,245,107,137,732,605,2681.280603460608,94.46978420426312,100.99651623574594,-6.5267320314828225,0.9702276707530648,20.66176883109426,5.973154362416107,13.907637655417407,9.827437446074201,18.116171935479777,44.251626898047725,49.072409410743624,77.71827836117704,1
3,2,34,20,14,58.82352941176471,7000,2598,954,2248,42.437722419928825,151,485,31.1340206185567,539,717,75.17433751743376,386,896,1282,613,608,251,216,141,713,717,2688.914140374378,96.61892735772814,93.82969735317478,2.7892300045533602,1.0082236842105263,22.797306570549402,6.689774696707106,14.278884462151394,10.643420506434206,19.17086029235562,45.79626334519573,50.67330347808448,76.8261182964108,1
6,0,32,13,19,40.625,6475,1831,647,1774,36.471251409244644,85,310,27.419354838709676,452,664,68.07228915662651,365,595,960,415,524,272,88,118,707,661,2129.43539688078,85.98523358267025,93.96857039810114,-7.983336815430889,0.7919847328244275,19.48873399061068,7.206317867719645,13.67816091954023,10.196494954859267,20.230410476572878,38.86696730552424,44.30925000967979,65.77406631291984,1
3,1,32,20,12,62.5,6575,1957,754,1826,41.292442497261774,93,295,31.52542372881356,356,469,75.90618336886993,292,651,943,467,448,300,153,87,602,538,2115.336914908299,92.51481341849683,89.72565961589524,2.7891538026015894,1.0424107142857142,22.076861454490558,6.089676746611053,13.676470588235293,9.869178440607012,18.06189424115854,43.83899233296823,48.14599775630302,64.3448491226859,0
6,0,32,15,17,46.875,6425,2193,770,1831,42.05352266521027,204,571,35.72679509632224,449,592,75.8445945945946,258,612,870,495,497,237,63,130,690,707,2242.154363143822,97.80771725837374,97.58471744702314,0.2229998113506042,0.9959758551307847,22.076981323709532,5.518716577540107,13.421052631578947,9.420682187330806,19.200457411299297,47.62424904423812,52.426989500258195,69.79468834688942,0
6,0,32,12,20,37.5,6475,2077,671,1810,37.07182320441989,176,552,31.88405797101449,559,727,76.89133425034387,308,693,1001,437,507,210,127,126,695,719,2236.8137372014994,92.85529525576662,96.3871047527361,-3.5318094969694727,0.8619329388560157,19.536718356653836,6.184738955823293,13.574926542605288,9.92563212692117,19.227268590151997,41.93370165745856,48.75861550885496,69.09077180545171,0
8,0,32,10,22,31.25,6475,2003,727,1775,40.95774647887324,166,500,33.2,383,578,66.26297577854672,309,650,959,466,529,226,102,117,617,618,2158.1897507732738,92.80926291501153,97.48911092021183,-4.679848005200299,0.8809073724007561,21.592170004191402,6.710097719869707,13.655462184873949,10.240256273358249,20.677632196128712,45.63380281690141,49.35150690871819,66.66223168411656,1
4,1,34,18,16,52.94117647058824,6850,2380,875,1978,44.2366026289181,180,524,34.35114503816794,450,624,72.11538461538461,361,718,1079,580,558,242,101,126,634,666,2374.9108896291336,100.21428637146302,99.79321794133082,0.42106843013219475,1.039426523297491,24.42196894766746,7.127344521224087,13.611374407582938,10.435203094777563,19.853694637367642,48.78665318503539,52.828781475299216,69.34046393077763,1
3,1,34,18,16,52.94117647058824,6850,2165,767,1900,40.36842105263158,177,542,32.656826568265686,454,640,70.9375,332,724,1056,526,613,257,139,133,660,676,2369.946747901272,91.35226358639643,92.40713960933404,-1.0548760229376057,0.8580750407830342,22.19459152260717,6.354066985645933,13.829990448901624,10.095602294455066,21.935160667000645,45.026315789473685,49.619545287862124,69.19552548616852,0
6,0,34,14,20,41.17647058823529,6850,2211,801,1946,41.161356628982524,172,492,34.959349593495936,437,601,72.71214642262895,310,715,1025,531,536,258,127,144,624,665,2345.5365046673305,94.26414790818137,97.54697892985934,-3.282831021677964,0.9906716417910447,22.638743798844104,6.072477962781587,13.503305004721435,9.85576923076923,19.516173664817,45.580678314491266,50.01266716128916,68.4828176545206,0
7,0,34,10,24,29.411764705882355,6825,2523,945,2211,42.74084124830394,148,419,35.32219570405728,485,681,71.21879588839941,340,804,1144,491,530,193,113,124,654,633,2608.3133018736507,96.729177364837,104.8570353122589,-8.127857947421901,0.9264150943396227,18.82442571784977,5.802047781569966,13.673469387755102,9.744463373083475,17.430540938749736,46.087743102668476,50.24615237548991,76.4340894321949,0
6,0,34,10,24,29.411764705882355,6875,2636,971,2355,41.231422505307854,163,496,32.86290322580645,531,674,78.7833827893175,397,785,1182,596,561,238,95,147,713,645,2680.052556966608,98.3562801090562,102.68455343707234,-4.328273328016138,1.0623885918003566,22.23836985773805,6.633249791144528,14.233907524932004,10.278260869565218,17.4627088676943,44.69214437367304,49.7065878200003,77.96516529357405,0
7,0,34,16,18,47.05882352941176,6900,2767,991,2303,43.0308293530178,133,413,32.20338983050847,652,864,75.46296296296296,353,792,1145,557,472,309,131,140,751,748,2713.3651478382444,101.97669127594149,100.28137945856047,1.6953118173810253,1.180084745762712,20.52801483220073,5.810699588477366,13.870402802101577,9.715740347899873,14.95962169905805,45.91836734693878,51.56233694598906,78.64826515473172,0
1,3,32,20,12,62.5,6425,2148,792,1815,43.63636363636363,135,396,34.090909090909086,429,567,75.66137566137566,288,652,940,477,474,246,102,94,617,645,2167.419999031711,99.10400388293976,93.89043198407003,5.213571898869731,1.0063291139240507,22.007732705848355,6.160427807486631,13.415637860082304,9.858416360776088,18.67259147206202,47.35537190082645,52.022785398744475,67.46832681810774,1
2,2,32,21,11,65.625,6400,2162,833,1828,45.56892778993436,160,421,38.00475059382423,336,500,67.2,255,660,915,553,437,265,82,76,616,600,2171.420617719708,99.56615417377768,95.88193015254632,3.6842240212313584,1.265446224256293,25.46719854676182,5.460385438972163,13.692946058091286,9.64172813487882,17.585513078470825,49.945295404814004,52.783203125,67.85689430374087,1
1,3,32,18,14,56.25,6450,2089,772,1740,44.36781609195402,145,400,36.25,400,567,70.54673721340387,260,610,870,496,458,261,100,88,638,597,2110.12656138065,98.99880122039568,95.49190256538883,3.50689865500685,1.0829694323144106,23.50569909301879,5.720572057205721,13.232104121475054,9.503003823047514,18.713125337081404,48.53448275862069,52.501156080985986,65.43028097304341,0
6,0,34,16,18,47.05882352941176,6850,2243,825,1923,42.90171606864275,181,500,36.199999999999996,412,537,76.72253258845437,271,686,957,527,470,262,128,96,587,614,2285.3879993994606,98.14526026168865,98.71409146249202,-0.5688312008033733,1.1212765957446809,23.05954175564419,5.382323733862959,13.557312252964428,9.479940564635958,17.87561613825838,47.60790431617264,51.9386091660183,66.72665691677257,1
2,2,34,18,16,52.94117647058824,6900,2252,819,1932,42.391304347826086,216,617,35.008103727714754,398,531,74.95291902071564,263,741,1004,539,506,209,124,123,587,589,2326.9226111331477,96.78018466215073,98.71406934678518,-1.9338846846344495,1.065217391304348,23.16364100039931,5.297079556898288,13.327338129496402,9.539192399049881,18.93967750145978,47.98136645962733,51.993867863541496,67.44703220675791,1
3,1,34,18,16,52.94117647058824,6925,2316,828,1860,44.516129032258064,208,605,34.3801652892562,452,552,81.88405797101449,242,732,974,498,462,214,112,86,613,590,2262.7653221822575,102.35263804407265,100.98263295799048,1.3700050860821733,1.077922077922078,22.008468802222872,5.221143473570658,13.593314763231199,9.72055888223553,18.012538598296995,50.10752688172043,55.06733622460626,65.35062302331428,0
5,0,34,11,23,32.35294117647059,6875,2372,822,2069,39.72933784436926,216,645,33.48837209302326,512,650,78.76923076923077,285,736,1021,475,576,252,112,134,674,668,2544.611375068682,93.21659186310825,104.37743169832021,-11.16083983521196,0.8246527777777778,18.666897611710127,5.102954341987466,13.667595171773446,9.307201458523245,19.651995905834188,44.949250845819236,50.360934182590235,74.0250581838162,1
4,1,34,16,18,47.05882352941176,6850,2413,870,2087,41.68663152850982,243,653,37.21286370597244,430,580,74.13793103448276,287,788,1075,500,612,289,109,115,618,608,2589.559496110131,93.18187141962379,96.58013278925782,-3.398261369634028,0.8169934640522876,19.308303236556938,5.106761565836299,13.516295025728988,9.388646288209607,20.7162683636856,47.508385241974125,51.51139953889506,75.60757652876295,1
3,2,34,19,15,55.88235294117647,6900,2573,912,2168,42.066420664206646,259,706,36.68555240793201,490,653,75.03828483920367,327,778,1105,551,547,290,117,109,655,625,2586.344254251635,99.48404957191222,98.13078811251971,1.3532614593925132,1.0073126142595978,21.304201832150653,5.6869565217391305,13.769911504424778,9.692982456140351,18.219243784806416,48.039667896678964,52.396428978707455,74.96650012323579,0
3,1,32,16,16,50.0,6500,2208,833,1911,43.58974358974359,145,424,34.19811320754717,397,546,72.7106227106227,319,606,925,473,486,255,130,108,583,637,2235.278593117409,98.77963341118186,99.89806223150775,-1.1184288203258888,0.9732510288065843,21.160673280565682,6.4574898785425106,12.70440251572327,9.52626158599382,18.428356918596716,47.38356881214024,51.31923913649803,68.77780286515105,0
5,0,32,13,19,40.625,6450,2140,768,1914,40.12539184952978,174,532,32.70676691729324,430,587,73.25383304940375,356,614,970,452,532,320,125,114,643,600,2248.528893161714,95.17333784361077,98.06411679680454,-2.8907789531937738,0.849624060150376,20.10203210528601,7.014778325123153,13.204301075268818,9.974293059125964,19.672519117842825,44.67084639498432,49.25700185979707,69.72182614454928,0
4,1,32,20,12,62.5,6425,2243,803,1800,44.611111111111114,124,394,31.472081218274113,513,661,77.60968229954615,275,619,894,465,429,285,91,91,630,699,2181.9939357206276,102.79588606002355,96.33390659748974,6.4619794625338045,1.083916083916084,21.310783333888075,6.043956043956044,12.990556138509968,9.597423510466989,17.02489046923614,48.05555555555556,53.638728931912524,67.92199021698453,0
5,0,32,13,19,40.625,6450,2064,767,1894,40.49630411826822,101,313,32.26837060702875,429,587,73.08347529812606,300,642,942,514,519,292,138,127,625,603,2261.679561862186,91.25961231663501,95.90217980367312,-4.642567487038107,0.9903660886319846,22.726473222262786,6.012024048096192,13.169230769230769,9.548910288900153,19.428888023718965,43.16261879619852,47.9491515973758,70.12959881743213,0
7,0,32,11,21,34.375,6400,2091,793,1889,41.97988353626258,100,328,30.48780487804878,405,538,75.27881040892194,292,626,918,427,501,267,94,127,623,600,2250.355225424981,92.91866352367161,101.80614927438147,-8.887485750709857,0.8522954091816367,18.974782077765557,5.934959349593496,13.390374331550802,9.567483064095883,19.073216787476397,44.62678665960826,49.18333552866794,70.32360079453066,0
7,0,34,8,26,23.52941176470588,6925,2097,801,2095,38.233890214797135,116,349,33.2378223495702,379,556,68.16546762589928,357,643,1000,461,479,310,111,146,664,667,2373.287910795998,88.35843263941241,95.64789799306924,-7.289465353656823,0.9624217118997912,19.42452906379071,6.113013698630137,13.594080338266386,9.460737937559129,16.99401129622797,41.00238663484487,44.81458685951685,68.54261114212268,0
5,0,34,17,17,50.0,6825,2300,826,1922,42.97606659729448,192,519,36.99421965317919,456,598,76.2541806020067,264,652,916,501,464,282,137,137,748,660,2306.6143605058833,99.71324376457828,96.89526078862282,2.8179829759554593,1.0797413793103448,21.720145706979878,5.415384615384616,13.569198751300728,9.462809917355372,17.515250347285136,47.97086368366285,52.62868858460863,67.59309481335922,0
5,0,34,16,18,47.05882352941176,6800,2361,826,1994,41.424272818455364,178,539,33.024118738404454,531,693,76.62337662337663,342,720,1062,549,517,243,179,112,697,672,2385.0578385377166,98.99131005760151,98.69781612689282,0.2934939307086921,1.0618955512572534,23.018309708438473,6.532951289398281,13.859480269489895,10.182166826462128,18.35989658797125,45.8876629889669,51.35019922398344,70.14875995699167,0
5,0,34,18,16,52.94117647058824,6900,2960,1079,2434,44.3303204601479,265,722,36.70360110803324,537,684,78.50877192982456,334,811,1145,640,442,275,127,126,741,669,2754.021576900346,107.47918697614136,104.5380335487537,2.941153427387661,1.4479638009049773,23.238743129976513,5.525227460711331,13.305988515176374,9.43163097199341,13.912671232876713,49.77403451109285,54.11413695264282,79.82671237392307,1
1,4,34,23,11,67.64705882352942,6850,3025,1063,2419,43.94377842083506,283,802,35.28678304239401,616,754,81.6976127320955,279,873,1152,683,486,285,159,109,658,684,2869.96495648487,105.40198385227033,101.18590449817953,4.216079354090809,1.4053497942386832,23.79819999044649,4.5588235294117645,13.247344461305008,9.06372934697089,15.015015015015013,49.79330301777594,54.98480419956666,83.79459726963125,0
6,0,34,16,18,47.05882352941176,6825,3010,1069,2485,43.01810865191147,230,701,32.81027104136947,642,773,83.05304010349288,375,851,1226,560,489,232,156,129,794,717,2817.947416985645,106.81533593766605,106.77984911509542,0.035486822570632626,1.1451942740286298,19.872620639565778,6.082725060827251,13.183578621223857,9.714738510301109,14.755048097232448,47.645875251509054,53.2720733986521,82.57721368456102,1
7,0,32,10,22,31.25,6525,2155,761,1828,41.63019693654267,145,433,33.48729792147806,488,697,70.01434720229555,309,627,936,480,593,265,93,130,761,729,2321.170875035035,92.84107530288883,99.21716771348164,-6.376092410592818,0.8094435075885329,20.679218628949712,6.471204188481676,13.42612419700214,9.910005293806247,21.74008681370249,45.596280087527354,50.475949556842245,71.14700000107388,0
7,0,32,11,21,34.375,6525,2088,733,1891,38.7625594923321,172,519,33.140655105973025,450,612,73.52941176470588,300,696,996,451,500,244,106,144,633,643,2279.6168307186244,91.59434041122519,96.595180835976,-5.000840424750805,0.902,19.784026592654484,5.644402634054563,13.397497593840232,9.476688867745004,18.795014058670514,43.31041776837652,48.32706871331494,69.87331281896167,0
3,1,32,21,11,65.625,6400,2343,876,1993,43.953838434520826,142,459,30.93681917211329,449,650,69.07692307692308,388,650,1038,567,458,332,157,116,571,600,2262.3766733101993,103.56365620459817,96.18203837012618,7.381617834471996,1.237991266375546,25.06213959368637,7.615309126594701,13.402061855670103,10.437405731523379,16.733649981731823,47.51630707476166,51.404124616059676,70.69927104094373,1
2,2,32,20,12,62.5,6525,2294,837,1974,42.401215805471125,163,423,38.53427895981088,457,618,73.94822006472492,374,723,1097,558,494,276,158,143,588,616,2289.203067252457,100.20954596890788,93.43863070073843,6.770915268169446,1.1295546558704452,24.375294965410024,7.22007722007722,13.564727954971858,10.43767840152236,18.029723495576512,46.52988855116515,51.070385409987885,70.1671438238301,0
6,0,32,14,18,43.75,6575,2166,780,1945,40.102827763496144,112,395,28.354430379746837,494,653,75.65084226646248,301,648,949,500,456,247,109,128,675,633,2291.4779553515627,94.52414739323504,100.11006192062844,-5.585914527393399,1.0964912280701755,21.819978622630437,5.87890625,12.96,9.377470355731225,16.962266396857515,42.98200514138817,48.514549885321095,69.70275149358366,1
3,2,34,19,15,55.88235294117647,6825,2299,862,2107,40.91124822021832,150,473,31.712473572938688,425,626,67.89137380191693,349,718,1067,568,461,297,122,141,641,640,2396.7503433464467,95.9215467051957,92.45852435785717,3.463022347338523,1.2321041214750543,23.698755340822597,6.345454545454546,13.508936970837253,9.865926953305594,16.212756379596545,44.47081158044613,48.248854115948355,70.23444229586657,1
4,2,34,18,16,52.94117647058824,6900,2312,874,2072,42.181467181467184,129,365,35.342465753424655,435,604,72.01986754966887,389,635,1024,519,485,314,118,117,641,646,2336.2827236008643,98.96062564022911,95.9216098874366,3.0390157527925084,1.0701030927835051,22.21477712252548,7.305164319248826,13.43915343915344,10.189054726368159,17.18176536439513,45.294401544401545,49.44904523988775,67.7183398145178,1
1,4,34,25,9,73.52941176470588,6800,2329,853,1986,42.95065458207452,129,360,35.833333333333336,494,721,68.51595006934814,369,674,1043,527,500,304,108,132,684,723,2364.55130987989,98.49648811885177,88.51573620985693,9.980751908994847,1.054,22.287526508645293,6.942615239887112,14.23442449841605,10.378109452736318,17.836503474550877,46.19838872104733,50.55921224014867,69.54562676117324,1
2,3,34,21,13,61.76470588235294,6875,2537,919,2190,41.9634703196347,157,461,34.05639913232104,542,741,73.14439946018894,418,720,1138,509,542,330,88,143,670,687,2546.495594097336,99.62711130860205,94.40424737322796,5.222863935374093,0.9391143911439115,19.988253707559497,7.314085739282589,14.201183431952662,10.551692165044043,17.723770781284745,45.54794520547945,50.4165275591803,74.07987182828614,1
3,1,34,19,15,55.88235294117647,6950,2527,901,2214,40.69557362240289,153,429,35.66433566433567,572,745,76.77852348993288,452,723,1175,537,611,325,101,141,642,689,2597.7319816790605,97.27716399621248,95.46789343514324,1.8092705610692406,0.8788870703764321,20.67187853817416,7.726495726495727,14.02521823472357,10.676965015901862,19.379599086526262,44.150858175248416,49.708867731528834,74.75487717062045,1
4,1,34,18,16,52.94117647058824,6800,2545,883,2159,40.898564150069475,168,438,38.35616438356164,611,816,74.87745098039215,388,721,1109,473,586,319,77,206,690,759,2619.4143401360543,97.15912297661968,98.15171126636119,-0.992588289741505,0.8071672354948806,18.057471578758786,6.7186147186147185,14.013605442176871,10.155677655677655,18.878622698161106,44.78925428439092,50.53533700814919,77.04159823929571,0
6,0,34,12,22,35.294117647058826,6825,2215,792,2068,38.297872340425535,93,315,29.523809523809526,538,736,73.09782608695652,350,795,1145,428,513,187,167,140,728,669,2445.7299043476123,90.56601041932475,99.23417936239332,-8.668168943068565,0.834307992202729,17.499888243553496,6.17828773168579,13.429054054054054,9.883470004315926,17.660180939397694,40.54642166344294,46.3032644324035,71.66974078674322,0
7,0,34,9,25,26.47058823529412,6875,2191,812,1940,41.855670103092784,79,247,31.983805668016196,488,628,77.70700636942675,302,701,1003,493,513,272,106,129,628,624,2343.7500210160993,93.48266582841984,100.86399909556573,-7.381333267145891,0.9610136452241715,21.034666478051566,5.968379446640316,13.678048780487805,9.847815414825725,18.79589055149268,43.891752577319586,49.42878284724227,68.18181879319562,0
7,0,34,7,27,20.588235294117645,6800,2141,764,1833,41.680305510092744,110,339,32.448377581120944,503,652,77.14723926380368,256,690,946,433,535,195,90,148,650,685,2318.657647454371,92.33790949477086,103.5512941134726,-11.213384618701738,0.8093457943925234,18.674598230376358,5.333333333333333,13.256484149855908,9.455272363818091,20.151569939130958,44.680851063829785,50.498141404230424,68.19581316042267,0
6,0,34,13,21,38.23529411764706,6800,2523,915,2255,40.57649667405765,189,556,33.992805755395686,504,672,75.0,354,814,1168,540,488,246,83,129,610,641,2580.574437316962,97.76892941027417,100.86901436977551,-3.100084959501345,1.1065573770491803,20.925573476634185,5.808039376538146,13.72681281618887,9.713097713097714,16.059604828412336,44.76718403547672,49.457399595402016,75.89924815638123,1
2,2,34,20,14,58.82352941176471,6875,2517,923,2176,42.41727941176471,207,566,36.57243816254417,464,577,80.4159445407279,323,764,1087,567,558,283,130,137,653,619,2571.9609755130928,97.86307117268261,96.58000349342217,1.2830676792604407,1.0161290322580645,22.04543558002028,5.878070973612375,13.582222222222223,9.775179856115107,18.67544881320535,47.173713235294116,51.792681120055306,74.82068292401723,1
1,3,34,24,10,70.58823529411765,6850,2546,901,2080,43.31730769230769,183,539,33.95176252319109,561,694,80.835734870317,246,847,1093,601,525,272,150,109,602,666,2591.455547319061,98.24594531956812,93.30663620687972,4.939309112688406,1.1447619047619049,23.191599818169855,4.628410159924742,13.705501618122977,9.508481948673337,18.039005483857665,47.71634615384615,53.367206627091925,75.66293568814777,1
8,0,32,6,26,18.75,6475,1822,667,1740,38.333333333333336,109,364,29.945054945054945,379,561,67.5579322638146,256,537,793,390,525,255,93,123,648,618,2173.9642041127754,83.81002762387172,99.86364981966274,-16.05362219579102,0.7428571428571429,17.939577811915463,5.240532241555783,13.018181818181818,8.801331853496116,20.90101280336327,41.46551724137931,45.85170421372632,67.14947348610889,0
8,0,32,10,22,31.25,6550,1921,689,1821,37.83635365183965,128,412,31.06796116504854,415,606,68.48184818481849,306,585,891,412,431,273,127,127,605,588,2139.7882891167587,89.7752366330097,95.71040324018942,-5.935166607179724,0.9559164733178654,19.254241276834982,5.762711864406779,13.280363223609534,9.17138445702522,17.112409871994412,41.35090609555189,46.008890421720224,65.33704699593156,1
4,1,32,17,15,53.125,6450,2188,794,1948,40.75975359342916,182,506,35.96837944664031,418,543,76.97974217311234,362,633,995,514,477,282,151,125,623,563,2213.8987595578456,98.83017416916489,94.99079354559132,3.8393806235735752,1.0775681341719077,23.216960476668536,7.0703125,13.46808510638298,10.132382892057027,17.905943121415056,45.431211498973305,50.024692261262416,68.64802355218126,0
5,0,34,18,16,52.94117647058824,6850,2388,890,2045,43.52078239608802,166,500,33.2,442,567,77.95414462081128,342,732,1074,548,465,232,138,104,644,570,2323.020218789482,102.79721117728278,97.88980662359339,4.907404553689389,1.178494623655914,23.589979784401574,6.634335596508245,13.505535055350553,10.156028368794326,16.851000913215533,47.57946210268948,52.03793452111154,67.82540784786809,1
2,4,34,20,14,58.82352941176471,6825,2437,873,2025,43.111111111111114,167,439,38.041002277904326,524,676,77.51479289940828,350,709,1059,552,499,302,131,137,665,678,2381.679313341938,102.3227596741577,95.0589773911748,7.263782282982888,1.1062124248496994,23.176923816222832,6.802721088435374,14.011857707509881,10.377266046055855,17.68600430985596,47.23456790123457,52.466371574723134,69.79280039097253,1
2,1,34,20,14,58.82352941176471,6825,2498,906,2066,43.852855759922555,142,429,33.1002331002331,544,688,79.06976744186046,323,776,1099,520,516,201,158,154,657,691,2455.0260931704743,101.75044603188019,98.04376445105508,3.706681580825105,1.0077519379844961,21.181037604714852,6.402378592666006,13.981981981981981,10.372817366682398,17.887351285393382,47.28944820909971,52.728899996622644,71.94215657642415,1
4,1,34,18,16,52.94117647058824,6800,2644,961,2124,45.24482109227872,160,475,33.68421052631579,562,712,78.93258426966293,327,821,1148,514,570,232,127,115,682,683,2593.2921891815886,101.95534506408296,99.2946344705044,2.660710593578557,0.9017543859649123,19.82036587100554,6.312741312741313,14.36570428696413,10.536943552088113,18.954004947992868,49.01129943502825,54.24079301516444,76.27329968181142,1
4,1,34,17,17,50.0,6825,2734,964,2210,43.619909502262445,224,639,35.0547730829421,582,715,81.3986013986014,344,820,1164,533,533,242,151,112,620,642,2626.054072696448,104.11057519439089,100.79761980232358,3.312955392067309,1.0,20.29661176979164,6.226244343891403,14.22376409366869,10.310008857395925,17.431972789115648,48.68778280542986,54.14719163431832,76.95396550026221,1
2,1,34,22,12,64.70588235294117,6800,2493,899,2112,42.566287878787875,143,453,31.567328918322296,552,728,75.82417582417582,340,822,1162,530,526,269,140,115,684,674,2538.9603042382228,98.1897982350688,94.76319877800864,3.4265994570601634,1.0076045627376427,20.874686347607888,6.181818181818182,14.246100519930676,10.31055900621118,17.78036182698288,45.95170454545455,51.24736876726747,74.67530306583008,1
5,0,32,18,14,56.25,6400,2413,858,1896,45.25316455696203,88,262,33.587786259541986,609,790,77.0886075949367,348,732,1080,522,544,214,157,112,698,702,2341.504302659397,103.05340875348385,102.79716322819546,0.2562455252883922,0.9595588235294118,22.293360700090577,7.357293868921776,14.009569377990431,10.848819688598693,19.514994977758647,47.573839662447256,53.775182742021755,73.17200945810616,1
3,1,32,19,13,59.375,6475,2207,811,1849,43.86154678204435,78,244,31.967213114754102,507,675,75.1111111111111,295,775,1070,524,493,202,156,148,622,645,2248.6709140400453,98.14686471996129,97.47980401728823,0.6670607026730551,1.0628803245436105,23.302653880045177,6.378378378378378,13.85165326184093,10.469667318982388,18.681318681318682,45.97079502433748,51.42124883504194,69.45701664988557,1
4,1,32,14,18,43.75,6400,2176,832,1813,45.8907887479316,109,335,32.537313432835816,403,578,69.72318339100346,300,646,946,521,506,245,126,102,597,595,2204.6035216513505,98.70255484170119,100.74373819090916,-2.0411833492079694,1.0296442687747036,23.63236722083011,6.578947368421052,13.671957671957673,10.188476036618201,19.663314317690762,48.896856039713185,52.628523885997325,68.8938600516047,0
8,0,32,10,22,31.25,6500,1928,739,1915,38.590078328981726,117,418,27.990430622009573,333,504,66.07142857142857,356,699,1055,424,495,257,127,103,537,543,2195.3729184217304,87.82107057173928,94.51697169935632,-6.695901127617034,0.8565656565656565,19.313347470133532,6.514181152790485,13.572815533980583,9.93876589731512,18.80870596102988,41.64490861618799,45.115033976674965,67.54993595143786,1
3,0,32,17,15,53.125,6450,2135,806,1910,42.19895287958116,164,443,37.020316027088036,359,478,75.10460251046025,330,708,1038,516,455,221,94,101,583,570,2183.1484516194982,97.79454065142565,96.92423794773616,0.8703027036894895,1.134065934065934,23.63558921598859,6.534653465346534,13.923303834808259,10.24173655648742,17.667707314042527,46.49214659685864,50.346174162390575,67.69452563161235,0
7,0,34,9,25,26.47058823529412,6875,2330,896,2191,40.894568690095845,157,505,31.08910891089109,381,507,75.14792899408283,382,703,1085,568,462,213,99,119,676,565,2395.3527428150687,97.27168605913697,104.28526685653397,-7.0135807973969975,1.2294372294372293,23.712582695961284,6.569217540842648,13.558341369334618,9.863636363636363,16.063530917081582,44.47740757644911,48.2585498409332,69.68298888189291,1
4,1,34,17,17,50.0,6850,2325,873,2088,41.810344827586206,105,283,37.102473498233216,474,661,71.70953101361573,337,726,1063,467,424,255,128,111,652,627,2385.529142207524,97.46265341568994,99.93589924430314,-2.4732458286132015,1.1014150943396226,19.576369524785893,6.088527551942186,13.67231638418079,9.801751959428309,15.127513521999115,44.32471264367816,48.868356005448035,69.65048590386931,0
5,0,34,16,18,47.05882352941176,6900,2263,847,1968,43.03861788617886,181,510,35.490196078431374,388,546,71.06227106227107,266,677,943,517,435,260,76,108,697,638,2315.1368836620027,97.7479999549947,99.56214754585187,-1.814147590857175,1.1885057471264369,22.3312929636466,5.20039100684262,14.34322033898305,9.588205388917133,16.45707540745449,47.63719512195122,51.239901459986235,67.1054169177392,1
4,1,34,18,16,52.94117647058824,6850,2747,1016,2199,46.20281946339245,187,522,35.82375478927203,528,715,73.84615384615385,330,770,1100,576,541,306,113,89,784,687,2633.996115490376,104.29020695380129,100.87334542273392,3.4168615310673687,1.064695009242144,21.86791379883129,6.285714285714286,14.115490375802016,10.275572162540868,17.710993256072808,50.45475216007276,54.64274347549332,76.9049960727117,0
5,0,34,16,18,47.05882352941176,6900,2585,877,2170,40.414746543778804,163,528,30.87121212121212,668,839,79.6185935637664,335,783,1118,472,571,282,133,103,763,762,2669.1785339282546,96.84627562906523,98.86936997489484,-2.0230943458296053,0.8266199649737302,17.683343170955045,5.775862068965517,13.430531732418524,9.613069647463456,18.359184093422847,44.1705069124424,50.90266072244365,77.36749373705086,0
6,0,34,10,24,29.411764705882355,6825,2368,885,2131,41.52979821679963,163,460,35.434782608695656,435,659,66.00910470409713,362,770,1132,483,637,241,93,146,757,708,2593.2247767979916,91.31487641128857,100.29982835547364,-8.98495194418507,0.7582417582417582,18.625458322066038,6.301131418624891,14.312267657992566,10.175280898876405,20.830880717864197,45.35429375879868,48.906219020553834,75.99193485122319,1
2,1,34,18,16,52.94117647058824,6850,2166,767,1899,40.398701379966234,177,541,32.729147846411024,454,638,71.06822462214336,332,722,1054,525,610,257,138,132,660,674,2366.279575238082,91.55394484878848,92.56644522562122,-1.0125003768327532,0.8610793292835737,22.2063687508001,6.369479353060364,13.800433136923477,10.08988794998147,21.87150778708716,45.06303629484825,49.66411074067608,69.08845475147685,0
6,0,34,5,28,15.679387135935482,6800,2323,857,2169,39.507733902614085,157,536,29.403373523534768,451,644,70.03337290163206,356,681,1037,510,526,275,126,119,674,586,2531.404086278757,91.78702905605697,105.73816916450308,-13.951140108446104,0.9687345955498647,20.16009128611681,5.886927794222186,12.872911042942155,9.144665125611468,17.676612519131236,43.1426321517709,47.3588856703976,74.45306136113992,0
4,0,32,15,16,49.47638325250132,6425,2113,737,1826,40.38969613022544,184,547,33.58107111194635,453,582,78.01200990469356,305,629,934,455,447,262,93,142,580,657,2148.6925535385017,98.34757715393029,99.56090029639589,-1.2133231424656001,1.0164307106825494,21.169714304543167,6.393302865833333,13.691493023198491,9.973777219367655,17.696165973197616,45.428308915887975,50.74280638848037,66.88537131637358,0
5,0,34,8,25,25.141380376880335,6924,2120,775,1906,40.67057056856593,121,346,34.8952121039466,448,616,72.83507883791222,321,613,934,494,526,282,113,137,720,643,2283.5085717834454,92.96782989618201,100.94445021126828,-7.976620315086267,0.939019422872653,21.657388103034215,6.407825883952648,12.583730711839433,9.444202763506308,19.479109111823234,43.86711154460029,48.712554312809516,65.94566092909814,0
5,0,34,14,19,42.780808534180295,6845,2227,805,1941,41.491316209461246,175,496,35.32933977536855,440,600,73.35617667114073,301,703,1005,525,522,262,128,142,646,664,2338.4594870815454,95.25492958357908,97.42848030020073,-2.1735507166216466,1.0068667438946366,22.471719730914387,5.953001986439129,13.515286133032369,9.78431941649403,19.152355848222847,46.01527369085978,50.488325170797296,68.32104382810303,0
4,0,32,15,16,47.134304533540096,6443,2095,731,1837,39.81779278858258,178,538,33.1476093676973,454,585,77.54613400325644,312,644,956,447,449,263,101,144,572,646,2157.342564786297,97.19773854475866,99.34179436855904,-2.144055823800369,0.9988057174209368,20.766447642938665,6.399704819185081,13.682024568771933,9.97351986681104,17.650442921700073,44.67893675936097,50.022924098825335,66.95517585810423,0
6,0,32,10,21,34.102271027745665,6502,2150,763,1854,41.172371661652946,153,463,33.24982741806541,470,663,70.99993564245543,323,623,946,471,574,281,102,125,725,689,2299.0701155368697,93.55064808944857,98.86636091634526,-5.315712826896672,0.8216681290233017,20.503614106384248,6.636582403028273,13.358636232905708,9.929564347721975,21.11104538044346,45.31472406519774,50.10509417544286,70.71340191035755,0
6,0,34,11,22,35.00286551020896,6921,2583,949,2317,40.9425718762397,173,518,33.49415654242397,511,697,73.48511655221702,390,783,1173,596,536,249,103,142,675,663,2652.482391866626,97.37860437843281,101.20863985775824,-3.8300354793254234,1.1138097764704513,22.490326320169814,6.442895603379877,13.871409808883717,10.026711172180672,16.969300132138923,44.699655447192164,49.2039773144446,76.65877974765337,0
2,1,34,18,16,52.94117647058824,6850,2187,775,1891,41.003823427210385,181,531,34.17441623492461,454,618,73.68062540970284,336,682,1019,514,562,266,128,120,675,645,2292.9947984580217,95.58434310177518,95.7500085867369,-0.16566548496171007,0.9211170292683398,22.44172487348015,6.677480096236802,13.209759828224437,9.975692492703057,20.59946866477053,45.796858857019465,50.55470672879412,66.94875323965027,0
6,0,34,16,18,47.05882352941176,6900,2713,957,2264,42.26894980579625,141,446,31.815420861639097,656,856,76.67320368981562,347,789,1137,532,500,301,131,129,754,752,2700.4967182609753,100.48256473824314,99.87016115068104,0.6124035875620935,1.0771455015632474,19.699563550150412,5.800553887623297,13.742299528679789,9.685839648088244,15.949673332218508,45.40933945541422,51.37022000659684,78.2752671959703,0
6,0,34,7,26,21.07188622303783,6917,2132,787,1923,40.93776381441781,94,280,33.55485382870192,462,625,73.99159636748384,310,644,955,493,526,279,110,139,688,642,2322.018833748206,91.81805984682559,101.04488250586478,-9.226822659039197,0.9368342478870527,21.232700331125137,6.122623274944797,13.03976750650548,9.539208396251734,19.318861039518165,43.39122854594112,48.48384827308994,67.13553449120823,0
6,0,34,9,24,28.521968539000618,6871,2193,810,1940,41.75881763608641,91,281,32.398875777721095,480,624,77.01025407203167,303,702,1006,498,516,270,108,131,627,629,2343.9992245176013,93.59167778075616,100.40129514679067,-6.809617366034507,0.9651507536644897,21.2584254163133,5.982900550545011,13.653673096581239,9.8489249233186,18.89636562373276,44.12734734875226,49.51023112438284,68.2238062864137,0
4,0,32,15,16,49.087047973327444,6425,2125,742,1826,40.63871225188777,187,551,33.902210277305315,453,583,77.68762431328494,298,626,925,461,455,258,89,140,597,664,2162.6804884957187,98.26677917733488,99.26513545643263,-0.9983562790977455,1.013369340586832,21.30550016302932,6.262408159570088,13.65101763946953,9.890998409862869,17.92130532029268,45.756963666047625,50.994869171376145,67.32079341620914,0
4,0,34,15,18,46.475967471287795,6827,2518,888,2137,41.59866685336705,146,402,36.12205327554001,593,814,72.89201785276764,376,738,1115,500,563,300,103,175,671,730,2593.0467472241126,97.1149260079143,98.29036682699886,-1.175440819084554,0.8938639404430705,19.322993917332248,6.529823609534509,13.846080109502813,10.045779547520757,18.411642559982386,45.02347569178215,50.4489419826128,75.96663078795297,0
4,0,32,15,16,48.24781299321763,6563,2023,763,1866,40.90315437386014,115,345,33.25083601478217,381,502,75.95570197863236,306,637,943,467,470,265,120,97,602,562,2169.6263160518074,93.24703089681469,95.1182403563154,-1.8712094595007027,0.9965101682371929,21.581275031987502,6.192799974478579,13.732808645109163,9.843595501112745,18.393527942560723,43.99200897734365,48.467358511818645,66.11454745654811,0
2,1,34,21,12,64.05188064969178,6835,2588,963,2229,43.26931276661963,122,402,30.17765451296937,538,714,75.32608225548432,360,837,1197,606,539,283,121,132,686,637,2628.8745348836046,98.44963324030014,96.40674606572574,2.0428871745744015,1.125150458890014,23.09399947504865,6.439791481623251,14.319905349947897,10.472303898598733,17.505459695276766,45.9980558648688,50.88251167475058,76.91391463630325,0
5,0,32,12,19,38.12398056924487,6470,2089,690,1830,37.68154080486916,175,548,32.048331377933486,533,699,76.16502062794659,317,677,994,439,511,231,126,123,684,695,2239.152946700651,93.31814758648561,96.72196009030036,-3.403812503814749,0.8594751784907322,19.64959669094934,6.350476056031735,13.500922353778005,9.935348439297853,19.31617344702403,42.480237699515186,48.858130196523675,69.21677681208676,0
4,0,34,17,16,51.42872223995997,6837,2234,797,1911,41.709362194873066,184,530,34.88726346546526,455,618,73.67152026359746,297,686,984,513,536,269,137,135,705,667,2337.379053235611,95.65176753291111,94.71508608349784,0.9366814494132716,0.9720635058908272,21.95061514505038,5.871364184125847,13.695882376742896,9.770198661784791,19.662290565903213,46.54050372222403,51.166950401170645,68.37150044903969,0
5,0,32,13,18,42.13574919536729,6425,2225,798,1822,43.839095583305586,164,469,34.77305349856486,462,606,76.19381228327403,280,635,916,486,481,276,111,81,637,647,2217.525876879722,100.37400887880744,99.7748339744817,0.5991749043257499,1.0147607962719702,21.924296296650805,6.1418195438039715,13.214022293315383,9.766811125302057,18.713017527574817,48.353338601141814,53.25095265320757,69.02804286006918,0
3,0,34,17,16,52.6679387487059,6922,2316,828,1867,44.38627263071107,208,604,34.408956867388426,451,552,81.78499197637264,246,728,974,499,462,217,112,89,615,591,2264.5738041856675,102.31459786593614,100.97594060201371,1.3386572639224297,1.0806723475776183,22.07391818426245,5.285531921434664,13.592814945359013,9.734009659702634,17.981547670027723,49.96047849005202,54.912447491257936,65.42531023367489,0
