rank,playoff,o_fgm,o_fga,o_ftm,o_fta,o_3pm,o_3pa,o_oreb,o_dreb,o_reb,o_asts,o_pf,o_stl,o_to,o_blk,o_pts,d_fgm,d_fga,d_ftm,d_fta,d_3pm,d_3pa,d_oreb,d_dreb,d_reb,d_asts,d_pf,d_stl,d_to,d_blk,d_pts,won,lost,GP,homeW,homeL,awayW,awayL,confW,confL,min,attend,playoff_progression_score,next_season_playoff,eFG%,opp_eFG%,Net_eFG%,Off_Rating,Def_Rating,Net_Rating,TO_per_Game,REB_per_Game,Possessions,Pace,TOV%,TS%,AST_TO_Ratio,FTR,OREB%,DREB%,Win%,Home_Win%,Away_Win%,Conf_Win%,Min_per_Game,Avg_Attendance
7,0,895,2258,542,725,202,598,340,737,1077,492,796,285,593,142,2534,1014,2254,679,918,172,502,401,864,1265,684,726,310,561,134,2879,4,30,34,1,16,3,14,2,18,6825,141379,0,1,44.10983170947741,48.80212954747116,-4.692297837993749,7452.941176470588,8467.64705882353,-1014.7058823529414,17.441176470588236,31.676470588235293,2023.46,59.51352941176471,29.306237830251153,49.16569654637175,0.8296795952782462,0.32108060230292296,28.23920265780731,64.76274165202109,11.76470588235294,5.88235294117647,17.647058823529413,10.0,200.73529411764707,4158.205882352941
8,0,812,1903,431,577,131,386,305,630,935,551,713,222,496,90,2186,879,1930,533,716,138,423,326,664,990,596,596,259,426,123,2429,8,24,32,5,11,3,13,5,16,6475,90963,0,1,46.11140304781923,49.119170984455955,-3.007767936636725,6831.25,7590.625,-759.375,15.5,29.21875,1699.46,53.108125,29.185741353135704,50.67504914506138,1.1108870967741935,0.30320546505517604,31.475748194014447,65.89958158995816,25.0,31.25,18.75,23.809523809523807,202.34375,2842.59375
4,1,746,1780,410,528,153,428,309,639,948,467,605,217,474,114,2055,732,1846,431,562,114,369,344,567,911,443,579,257,447,124,2009,18,14,32,11,5,7,9,15,6,6500,105525,3,1,46.20786516853933,42.74106175514626,3.466803413393066,6421.875,6278.125,143.75,14.8125,29.625,1583.8,49.49375,29.92802121479985,51.06046752007634,0.9852320675105485,0.2966292134831461,35.273972602739725,65.00508646998982,56.25,68.75,43.75,71.42857142857143,203.125,3297.65625
2,1,770,1790,490,663,211,527,302,653,955,496,647,241,408,105,2241,778,1807,444,598,133,372,295,620,915,489,600,208,424,103,2133,18,14,32,11,5,7,9,12,9,6450,106670,1,1,48.910614525139664,46.73491975650249,2.1756947686371717,7003.125,6665.625,337.5,12.75,29.84375,1556.92,48.65375,26.20558538653238,53.825682608612105,1.2156862745098038,0.370391061452514,32.75488069414317,68.88185654008439,56.25,68.75,43.75,57.14285714285714,201.5625,3333.4375
2,1,787,1881,456,590,187,517,342,629,971,499,697,279,497,115,2217,790,1902,477,667,138,407,386,621,1007,491,606,264,469,104,2195,18,16,34,13,4,5,12,12,12,6850,120061,1,0,46.81020733652312,45.16298633017876,1.6472210063443598,6520.588235294117,6455.882352941177,64.70588235294053,14.617647058823529,28.558823529411764,1662.04,48.883529411764705,29.90301075786383,51.78454638886294,1.0040241448692153,0.3136629452418926,35.51401869158878,61.97044334975369,52.94117647058824,76.47058823529412,29.411764705882355,50.0,201.47058823529412,3531.205882352941
5,0,745,1744,436,590,166,459,256,616,872,426,648,210,479,134,2092,800,1932,438,587,130,349,368,628,996,516,595,243,437,114,2168,16,18,34,10,7,6,11,8,12,6900,116383,0,0,47.477064220183486,44.77225672877847,2.7048074914050133,6152.941176470588,6376.470588235295,-223.5294117647063,14.088235294117647,25.647058823529413,1620.94,47.674705882352946,29.55075450047503,52.20602914753444,0.8893528183716075,0.338302752293578,28.95927601809955,62.601626016260155,47.05882352941176,58.82352941176471,35.294117647058826,40.0,202.94117647058823,3423.029411764706
6,0,772,1913,447,624,104,301,316,609,925,493,727,284,535,113,2095,851,1888,509,713,124,339,355,700,1055,496,654,269,534,146,2335,6,28,34,5,12,1,16,4,16,6945,98054,0,0,43.07370622059592,48.358050847457626,-5.284344626861703,6161.764705882353,6867.647058823529,-705.8823529411757,15.735294117647058,27.205882352941178,1739.14,51.15117647058824,30.76233080718056,47.8844008850043,0.9214953271028037,0.32618923157344487,31.10236220472441,63.17427385892116,17.647058823529413,29.411764705882355,5.88235294117647,20.0,204.26470588235293,2883.9411764705883
7,0,858,2175,449,643,157,536,357,680,1037,509,674,277,527,125,2322,971,2147,545,736,200,536,379,860,1239,623,584,262,535,120,2687,5,29,34,3,14,2,15,4,16,6800,57635,0,0,43.05747126436781,49.88355845365626,-6.826087189288451,6829.411764705883,7902.941176470588,-1073.5294117647054,15.5,30.5,1857.38,54.62882352941177,28.373300024766067,47.23506053899232,0.9658444022770398,0.29563218390804596,29.33442892358258,64.21152030217186,14.705882352941178,17.647058823529413,11.76470588235294,20.0,200.0,1695.1470588235295
6,0,925,2277,489,723,186,544,383,782,1165,597,634,262,510,112,2525,963,2243,501,642,184,481,379,846,1225,584,683,242,566,138,2611,14,20,34,6,11,8,9,6,14,6972,66557,0,0,44.707949055775146,47.03522068658047,-2.3272716308053276,7426.470588235295,7679.411764705883,-252.9411764705883,15.0,34.26470588235294,1903.3,55.97941176470588,26.795565596595388,48.649002743611085,1.1705882352941177,0.31752305665349145,31.163547599674533,67.35572782084411,41.17647058823529,35.294117647058826,47.05882352941176,30.0,205.05882352941177,1957.5588235294117
5,0,899,2100,564,812,110,341,357,770,1127,548,639,269,525,149,2472,917,2203,506,655,170,508,366,794,1160,531,681,255,522,124,2510,12,22,34,8,9,4,13,10,10,6875,62146,0,0,45.42857142857143,45.483431684067185,-0.05486025549575402,7270.588235294117,7382.352941176471,-111.76470588235406,15.441176470588236,33.14705882352941,1854.24,54.5364705882353,28.31348692725861,50.299518166427916,1.0438095238095237,0.38666666666666666,31.016507384882715,67.78169014084507,35.294117647058826,47.05882352941176,23.52941176470588,50.0,202.2058823529412,1827.8235294117646
2,1,809,1828,426,570,141,407,331,603,934,539,647,259,538,91,2185,774,1761,455,583,119,368,277,596,873,540,693,305,552,95,2122,17,15,32,13,3,4,12,13,8,6500,137532,2,1,48.11269146608315,47.33106189664963,0.7816295694335196,6828.125,6631.25,196.875,16.8125,29.1875,1689.66,52.801875,31.840725353029605,52.55435828362517,1.0018587360594795,0.31181619256017507,35.706580366774546,68.52272727272727,53.125,81.25,25.0,61.904761904761905,203.125,4297.875
1,1,763,1770,372,505,106,335,297,662,959,503,532,267,444,83,2004,664,1745,328,444,132,417,297,594,891,434,597,225,496,127,1788,22,10,32,14,2,8,8,15,6,6425,147373,1,0,46.101694915254235,41.833810888252145,4.26788402700209,6262.5,5587.5,675.0,13.875,29.96875,1511.28,47.2275,29.37906939812609,50.296155004517615,1.132882882882883,0.2853107344632768,33.33333333333333,69.03023983315954,68.75,87.5,50.0,71.42857142857143,200.78125,4605.40625
7,0,760,1820,430,553,121,374,295,674,969,480,567,221,451,83,2071,797,1834,397,521,149,441,278,640,918,530,613,242,428,109,2140,10,22,32,4,12,6,10,7,14,6550,149084,0,1,45.082417582417584,47.51908396946565,-2.4366663870480636,6471.875,6687.5,-215.625,14.09375,30.28125,1559.28,48.7275,28.923605766764148,50.186107826221814,1.06430155210643,0.3038461538461538,31.550802139037433,70.7983193277311,31.25,25.0,37.5,33.33333333333333,204.6875,4658.875
3,1,864,2102,479,646,177,549,333,762,1095,520,663,270,434,111,2384,864,2104,509,673,172,536,366,812,1178,553,669,252,476,88,2409,18,16,34,10,7,8,9,11,13,6875,102433,2,1,45.31398667935299,45.152091254752854,0.1618954246001394,7011.764705882353,7085.2941176470595,-73.52941176470631,12.764705882352942,32.205882352941174,1711.6799999999998,50.3435294117647,25.355206580669286,49.953064234947036,1.1981566820276497,0.3073263558515699,29.08296943231441,67.5531914893617,52.94117647058824,58.82352941176471,47.05882352941176,45.83333333333333,202.2058823529412,3012.735294117647
1,1,876,2051,434,590,149,467,321,724,1045,572,610,299,462,96,2335,858,1996,443,599,145,384,306,757,1063,565,627,239,492,113,2304,18,16,34,10,7,8,9,14,6,6900,114017,3,1,46.343247196489514,46.61823647294589,-0.27498927645637394,6867.647058823529,6776.470588235295,91.17647058823422,13.588235294117647,30.735294117647058,1708.08,50.237647058823526,27.047913446676976,50.52800138492167,1.2380952380952381,0.28766455387615797,29.777365491651203,70.29126213592232,52.94117647058824,58.82352941176471,47.05882352941176,70.0,202.94117647058823,3353.4411764705883
1,1,916,2025,512,688,130,373,322,788,1110,573,624,236,452,130,2474,835,2100,452,599,122,400,350,728,1078,495,675,258,442,79,2244,26,8,34,14,3,12,5,13,7,6800,121944,4,1,48.44444444444444,42.66666666666667,5.7777777777777715,7276.470588235295,6600.0,676.4705882352946,13.294117647058824,32.64705882352941,1698.64,49.96,26.609522912447602,53.14213049679514,1.2676991150442478,0.3397530864197531,30.666666666666664,69.24428822495607,76.47058823529412,82.35294117647058,70.58823529411765,65.0,200.0,3586.5882352941176
1,1,982,2216,545,675,174,510,342,926,1268,630,530,252,514,153,2683,948,2357,358,500,163,508,370,783,1153,528,646,273,486,103,2417,26,8,34,14,3,12,5,15,5,6825,126096,2,1,48.24007220216607,43.67840475180314,4.5616674503629255,7891.176470588235,7108.823529411765,782.3529411764703,15.117647058823529,37.294117647058826,1834.5,53.955882352941174,28.018533660397928,53.38241146040589,1.2256809338521402,0.3046028880866426,30.4,71.4506172839506,76.47058823529412,82.35294117647058,70.58823529411765,75.0,200.73529411764707,3708.705882352941
3,1,1001,2327,478,615,195,572,354,868,1222,619,641,272,540,156,2675,976,2317,475,626,166,485,337,842,1179,581,633,246,524,85,2593,18,16,34,8,9,10,7,10,10,6925,135490,1,1,47.20670391061452,45.70565386275356,1.5010500478609643,7867.647058823529,7626.470588235295,241.17647058823422,15.882352941176471,35.94117647058823,1926.52,56.66235294117647,28.02981541847476,51.4898367724053,1.1462962962962964,0.26428878384185645,29.59866220735786,72.03319502074689,52.94117647058824,47.05882352941176,58.82352941176471,50.0,203.6764705882353,3985.0
2,1,965,2286,539,723,221,669,370,869,1239,607,629,211,487,97,2690,955,2284,472,638,159,496,360,840,1200,554,703,252,499,104,2541,21,13,34,13,4,8,9,13,7,6850,129951,1,0,47.047244094488185,45.29334500875657,1.753899085731618,7911.764705882353,7473.529411764705,438.23529411764775,14.323529411764707,36.44117647058823,1857.92,54.644705882352945,26.212108163968306,51.64892554874584,1.2464065708418892,0.31627296587926507,30.57851239669421,70.70789259560618,61.76470588235294,76.47058823529412,47.05882352941176,65.0,201.47058823529412,3822.0882352941176
5,0,868,1980,519,699,76,273,341,644,985,503,701,260,530,88,2331,905,1967,480,652,136,372,331,640,971,513,672,284,543,148,2426,14,18,32,8,8,6,10,10,11,6425,107289,0,0,45.75757575757576,49.46619217081851,-3.7086164132427513,7284.375,7581.25,-296.875,16.5625,30.78125,1829.22,57.163125,28.97409824952712,50.94948329224152,0.9490566037735849,0.353030303030303,34.76044852191641,66.05128205128206,43.75,50.0,37.5,47.61904761904761,200.78125,3352.78125
7,0,774,1914,412,542,143,405,324,621,945,469,602,225,498,82,2103,848,1837,446,583,127,340,279,702,981,438,591,262,483,109,2269,10,22,32,6,10,4,12,7,14,6550,109348,0,0,44.17450365726228,49.61894393032117,-5.444440273058895,6571.875,7090.625,-518.75,15.5625,29.53125,1650.5,51.578125,30.17267494698576,48.85062811268862,0.9417670682730924,0.2831765935214211,31.57894736842105,69.0,31.25,37.5,25.0,33.33333333333333,204.6875,3417.125
8,0,766,1919,472,651,110,364,360,719,1079,478,609,201,541,132,2114,828,1984,464,605,146,447,314,669,983,465,637,277,443,139,2266,9,23,32,7,9,2,14,6,15,6450,94171,0,1,42.782699322563836,45.413306451612904,-2.630607129049068,6606.25,7081.25,-475.0,16.90625,33.71875,1688.82,52.775625,32.034201395056904,47.92694428322693,0.8835489833641405,0.3392391870766024,34.98542274052478,69.60309777347533,28.125,43.75,12.5,28.57142857142857,201.5625,2942.84375
1,1,902,2004,624,882,125,323,379,851,1230,545,605,263,608,158,2553,911,2286,412,556,161,541,390,674,1064,504,774,309,497,129,2395,25,9,34,13,4,12,5,18,6,6900,133647,4,1,48.12874251497006,43.37270341207349,4.756039102896565,7508.823529411765,7044.117647058823,464.70588235294144,17.88235294117647,36.1764705882353,1866.86,54.90764705882353,32.56805545139968,53.36359987960269,0.8963815789473685,0.44011976047904194,35.99240265906933,68.5737308622079,73.52941176470588,76.47058823529412,70.58823529411765,75.0,202.94117647058823,3930.794117647059
3,1,874,2097,556,792,62,209,397,773,1170,564,648,277,513,148,2366,860,2098,470,609,191,533,325,730,1055,515,728,289,496,131,2381,17,17,34,8,9,9,8,11,9,6850,160860,1,1,43.15689079637578,45.54337464251668,-2.386483846140905,6958.823529411765,7002.941176470588,-44.11764705882342,15.088235294117647,34.411764705882355,1797.72,52.874117647058824,28.536145784660572,48.37496115282071,1.0994152046783625,0.3776824034334764,35.226264418811006,70.40072859744991,50.0,47.05882352941176,52.94117647058824,55.00000000000001,201.47058823529412,4731.176470588235
4,1,831,2060,509,774,76,238,412,803,1215,474,761,241,571,155,2247,784,1945,565,754,154,456,273,745,1018,473,744,272,520,136,2287,16,18,34,12,5,4,13,11,9,6925,159356,1,1,42.18446601941748,44.267352185089976,-2.082886165672498,6608.823529411765,6726.470588235295,-117.64705882352973,16.794117647058822,35.73529411764706,1767.66,51.99,32.30259212744532,46.80157963141934,0.830122591943958,0.3757281553398058,35.609334485738984,74.62825278810409,47.05882352941176,70.58823529411765,23.52941176470588,55.00000000000001,203.6764705882353,4686.941176470588
2,1,919,2220,553,746,136,414,406,880,1286,572,711,213,537,137,2527,840,2165,529,702,175,561,324,760,1084,474,733,275,506,108,2384,23,11,34,14,3,9,8,14,6,6825,159453,4,1,44.45945945945946,42.840646651270205,1.6188128081892543,7432.352941176471,7011.764705882353,420.588235294118,15.794117647058824,37.8235294117647,1847.56,54.339999999999996,29.06536188269935,49.58324176686655,1.0651769087523277,0.33603603603603605,34.81989708404803,73.08970099667775,67.64705882352942,82.35294117647058,52.94117647058824,70.0,200.73529411764707,4689.794117647059
1,1,972,2261,595,785,158,442,380,931,1311,563,702,227,564,117,2697,895,2262,547,718,203,610,309,780,1089,546,767,276,529,117,2540,24,10,34,12,5,12,5,14,6,6850,165738,3,1,46.48385670057497,44.05393457117595,2.429922129399017,7932.352941176471,7470.588235294117,461.76470588235406,16.58823529411765,38.55882352941177,1938.66,57.019411764705886,29.092259601993124,51.73802946593001,0.99822695035461,0.3471915081822203,32.758620689655174,75.08064516129032,70.58823529411765,70.58823529411765,70.58823529411765,70.0,201.47058823529412,4874.64705882353
1,1,974,2295,556,744,168,476,405,843,1248,604,724,278,496,118,2672,872,2151,563,740,215,616,324,761,1085,520,762,229,572,119,2522,22,12,34,14,3,8,9,16,4,6875,162669,4,1,46.10021786492375,45.53695955369596,0.5632583112277914,7858.823529411765,7417.647058823529,441.17647058823604,14.588235294117647,36.705882352941174,1916.98,56.381764705882354,25.87403102797108,50.946475693649994,1.217741935483871,0.3241830065359477,34.734133790737566,72.23650385604114,64.70588235294117,82.35294117647058,47.05882352941176,80.0,202.2058823529412,4784.382352941177
2,1,891,1894,521,634,172,491,273,724,997,494,554,284,440,104,2475,786,1938,370,508,124,418,290,612,902,473,648,233,480,85,2066,27,5,32,14,2,13,3,17,4,6475,196077,4,1,51.58394931362197,43.75644994840041,7.827499365221563,7734.375,6456.25,1278.125,13.75,31.15625,1677.74,52.429375,26.225756076626887,56.949966865473826,1.1227272727272728,0.3347412882787751,30.847457627118647,71.40039447731755,84.375,87.5,81.25,80.95238095238095,202.34375,6127.40625
4,1,747,1908,415,539,138,435,348,710,1058,426,509,251,436,95,2047,740,1883,362,504,152,456,297,685,982,452,561,248,433,120,1994,19,13,32,11,5,8,8,13,8,6450,181115,1,1,42.76729559748428,43.335103558151886,-0.5678079606676079,6396.875,6231.25,165.625,13.625,33.0625,1539.46,48.108125,28.321619269094356,47.71205877417069,0.9770642201834863,0.28249475890985326,33.68828654404646,70.506454816286,59.375,68.75,50.0,61.904761904761905,201.5625,5659.84375
2,1,755,1778,453,585,109,332,299,702,1001,450,467,260,455,126,2072,705,1880,331,452,151,489,309,664,973,446,606,262,464,71,1892,24,8,32,14,2,10,6,16,5,6425,188648,1,1,45.52868391451069,41.51595744680851,4.01272646770218,6475.0,5912.5,562.5,14.21875,31.28125,1529.64,47.80125,29.745561047043743,50.899086174707676,0.989010989010989,0.32902137232845896,31.048805815160957,69.43620178041543,75.0,87.5,62.5,76.19047619047619,200.78125,5895.25
2,1,828,1916,473,600,115,344,266,764,1030,465,490,231,450,129,2244,824,2030,325,448,169,500,298,708,1006,516,634,227,430,122,2142,20,14,34,14,3,6,11,14,10,6825,150203,1,0,46.2160751565762,44.75369458128079,1.4623805752954127,6600.0,6300.0,300.0,13.235294117647058,30.294117647058822,1625.56,47.81058823529412,27.682767784640372,51.46788990825688,1.0333333333333334,0.31315240083507306,27.31006160164271,71.939736346516,58.82352941176471,82.35294117647058,35.294117647058826,58.333333333333336,200.73529411764707,4417.735294117647
6,0,798,1933,458,615,123,358,311,724,1035,451,555,242,484,107,2177,834,2008,391,531,152,434,335,720,1055,539,655,258,471,129,2211,13,21,34,9,8,4,13,7,15,6850,137455,0,1,44.46456285566477,45.31872509960159,-0.8541622439368268,6402.941176470588,6502.941176470588,-100.0,14.235294117647058,30.441176470588236,1655.12,48.68,29.242592682101602,49.396442185514616,0.9318181818181818,0.3181583031557165,30.164888457807955,68.36638338054769,38.23529411764706,52.94117647058824,23.52941176470588,31.818181818181817,201.47058823529412,4042.794117647059
3,1,860,1920,527,690,62,205,276,684,960,467,581,246,425,105,2309,848,1944,419,559,148,423,274,687,961,541,685,197,481,111,2263,19,15,34,11,6,8,9,11,11,6875,120676,2,1,46.40625,47.42798353909465,-1.0217335390946474,6791.176470588235,6655.882352941177,135.29411764705856,12.5,28.235294117647058,1699.28,49.97882352941176,25.010592721623276,51.92030940816694,1.0988235294117648,0.359375,28.66043613707165,71.39874739039665,55.88235294117647,64.70588235294117,47.05882352941176,50.0,202.2058823529412,3549.294117647059
3,1,928,2098,482,678,169,472,303,822,1125,532,617,252,566,84,2507,928,2232,445,615,148,496,337,787,1124,526,705,298,519,89,2449,18,16,34,12,5,6,11,11,9,6925,130586,1,0,48.2602478551001,44.89247311827957,3.367774736820529,7373.529411764705,7202.941176470588,170.5882352941171,16.647058823529413,33.088235294117645,1867.46,54.92529411764706,30.308547438767096,52.309374374040196,0.9399293286219081,0.323164918970448,27.798165137614678,70.92320966350302,52.94117647058824,70.58823529411765,35.294117647058826,55.00000000000001,203.6764705882353,3840.764705882353
5,0,915,2149,554,721,126,365,374,770,1144,558,655,289,633,109,2510,924,2190,578,719,202,581,342,721,1063,588,677,310,568,160,2628,13,21,34,7,10,6,11,10,12,6800,138816,0,0,45.50953932061424,46.80365296803653,-1.294113647422293,7382.352941176471,7729.411764705883,-347.0588235294117,18.61764705882353,33.64705882352941,1983.3,58.33235294117647,31.91650279836636,50.887180485273134,0.8815165876777251,0.3355048859934853,34.15525114155251,69.24460431654677,38.23529411764706,41.17647058823529,35.294117647058826,45.45454545454545,200.0,4082.823529411765
7,0,796,1838,428,569,193,521,285,647,932,501,642,271,518,126,2213,839,1868,503,669,109,358,321,633,954,528,612,267,476,75,2290,9,23,32,5,11,4,12,7,14,6425,180270,0,0,48.5582154515778,47.83190578158458,0.7263096699932206,6915.625,7156.25,-240.625,16.1875,29.125,1679.3600000000001,52.480000000000004,30.84508384146341,52.98415981918826,0.9671814671814671,0.30957562568008706,31.045751633986928,66.83884297520662,28.125,31.25,25.0,33.33333333333333,200.78125,5633.4375
6,0,762,1822,472,591,157,446,286,649,935,458,600,242,491,118,2153,853,1899,412,583,131,367,306,660,966,565,616,256,466,140,2249,10,22,32,7,9,3,13,7,14,6475,138922,0,1,46.130625686059275,48.367561874670876,-2.236936188611601,6728.125,7028.125,-300.0,15.34375,29.21875,1646.78,51.461875,29.815761668225267,51.7040979039788,0.9327902240325866,0.3243688254665203,30.23255813953488,67.95811518324606,31.25,43.75,18.75,33.33333333333333,202.34375,4341.3125
4,1,731,1825,455,580,180,543,315,633,948,447,559,268,438,100,2097,804,1817,359,503,162,464,288,644,932,507,647,226,470,145,2129,16,16,32,10,6,6,10,12,9,6425,134945,1,0,44.986301369863014,48.70665932856357,-3.7203579587005535,6553.125,6653.125,-100.0,13.6875,29.625,1573.2599999999998,49.16437499999999,27.840280691049163,50.40380732621864,1.0205479452054795,0.3178082191780822,32.846715328467155,68.72964169381108,50.0,62.5,37.5,57.14285714285714,200.78125,4217.03125
5,0,839,2011,449,563,210,600,334,654,988,539,668,299,474,121,2337,837,1908,490,638,157,421,309,677,986,570,631,227,512,170,2321,16,18,34,11,6,5,12,12,12,6875,141778,0,0,46.941819990054704,47.982180293501045,-1.0403603034463416,6873.529411764705,6826.470588235295,47.0588235294108,13.941176470588236,29.058823529411764,1729.72,50.874117647058824,27.403279143445182,51.73283983849261,1.1371308016877637,0.2799602187966186,33.03659742828882,67.91277258566979,47.05882352941176,64.70588235294117,29.411764705882355,50.0,202.2058823529412,4169.941176470588
6,0,791,2011,450,580,166,481,396,705,1101,555,639,261,486,134,2198,804,1865,516,695,121,352,281,688,969,514,603,268,466,162,2245,15,19,34,10,7,5,12,8,12,6850,128989,0,1,43.460964694181996,46.35388739946381,-2.892922705281812,6464.7058823529405,6602.941176470588,-138.23529411764775,14.294117647058824,32.38235294117647,1659.5,48.80882352941177,29.2859294968364,48.49527843967876,1.1419753086419753,0.28841372451516656,36.53136531365313,71.50101419878297,44.11764705882353,58.82352941176471,29.411764705882355,40.0,201.47058823529412,3793.794117647059
2,1,784,1958,452,595,150,468,341,671,1012,493,668,336,477,95,2170,775,1798,460,642,123,367,279,711,990,435,644,234,558,113,2133,21,13,34,14,3,7,10,14,6,6925,142494,2,1,43.871297242083756,46.52391546162403,-2.6526182195402725,6382.35294117647,6273.529411764705,108.82352941176487,14.029411764705882,29.764705882352942,1666.64,49.01882352941177,28.620457927326836,48.878277322281285,1.0335429769392033,0.30388151174668027,32.414448669201526,70.63157894736842,61.76470588235294,82.35294117647058,41.17647058823529,70.0,203.6764705882353,4191.0
3,1,873,2144,518,676,171,551,339,755,1094,501,606,354,528,93,2435,883,2043,413,559,137,444,288,773,1061,507,685,259,617,105,2316,21,13,34,12,5,9,8,12,8,6850,122768,1,1,44.70615671641791,46.573666177190404,-1.8675094607724958,7161.764705882353,6811.764705882353,350.0,15.529411764705882,32.1764705882353,1860.2,54.71176470588235,28.38404472637351,49.86811062323874,0.9488636363636364,0.31529850746268656,30.485611510791365,72.38734419942475,61.76470588235294,70.58823529411765,52.94117647058824,60.0,201.47058823529412,3610.823529411765
2,1,907,2167,478,617,188,546,341,812,1153,511,646,308,589,136,2480,881,2192,450,608,158,483,369,795,1164,475,663,280,610,114,2370,21,13,34,12,5,9,8,12,8,6875,133915,2,1,46.192893401015226,43.79562043795621,2.3972729630590166,7294.117647058823,6970.588235294117,323.5294117647063,17.323529411764707,33.911764705882355,1890.0,55.588235294117645,31.164021164021165,50.85135002132476,0.8675721561969439,0.28472542685740654,30.01760563380282,68.75529212531752,61.76470588235294,70.58823529411765,52.94117647058824,60.0,202.2058823529412,3938.676470588235
4,1,876,2179,495,656,226,662,349,778,1127,500,727,324,585,165,2473,891,2127,540,706,135,415,338,833,1171,477,659,294,608,130,2457,17,17,34,11,6,6,11,12,8,6950,130941,1,1,45.38779256539697,45.063469675599436,0.32432288979753565,7273.529411764705,7226.470588235295,47.0588235294108,17.205882352941178,33.14705882352941,1900.1399999999999,55.88647058823529,30.787205153304498,50.108605793389636,0.8547008547008547,0.3010555300596604,29.52622673434856,69.71326164874552,50.0,64.70588235294117,35.294117647058826,60.0,204.41176470588235,3851.205882352941
1,1,861,1956,545,693,150,452,308,783,1091,586,705,271,466,156,2417,776,1963,495,692,122,413,300,678,978,445,650,243,485,105,2169,28,4,32,15,1,13,3,17,4,6450,105005,2,1,47.85276073619632,42.63881813550688,5.2139426006894425,7553.125,6778.125,775.0,14.5625,34.09375,1705.2,53.2875,27.32817264836969,53.45169223148098,1.257510729613734,0.35429447852760737,31.237322515212984,72.29916897506925,87.5,93.75,81.25,80.95238095238095,201.5625,3281.40625
1,1,916,2031,449,594,160,436,350,755,1105,596,616,281,438,138,2441,779,1985,416,547,192,603,294,627,921,538,591,234,453,114,2166,28,4,32,16,0,12,4,19,2,6475,148446,4,1,49.039881831610046,44.08060453400503,4.959277297605013,7628.125,6768.75,859.375,13.6875,34.53125,1691.52,52.86,25.893870601589104,53.242073670802135,1.360730593607306,0.29246676514032494,35.823950870010236,71.97330791229743,87.5,100.0,75.0,90.47619047619048,202.34375,4638.9375
1,1,891,2002,476,645,194,515,329,814,1143,583,664,257,517,161,2452,796,2040,480,649,163,521,314,645,959,508,623,275,453,111,2235,25,7,32,12,4,13,3,17,4,6475,186410,4,1,49.35064935064935,43.01470588235294,6.335943468296406,7662.5,6984.375,678.125,16.15625,35.71875,1739.68,54.365,29.7181090775315,53.635488669174904,1.127659574468085,0.3221778221778222,33.7782340862423,72.16312056737588,78.125,75.0,81.25,80.95238095238095,202.34375,5825.3125
1,1,894,2140,537,678,174,528,336,813,1149,587,682,242,470,161,2499,866,2147,504,702,196,540,316,789,1105,572,654,241,468,127,2432,24,10,34,11,6,13,4,17,7,6900,157934,3,1,45.8411214953271,44.89986027014439,0.9412612251827142,7350.0,7152.941176470588,197.0588235294117,13.823529411764707,33.794117647058826,1789.1000000000001,52.62058823529412,26.270191716505504,51.24429935365333,1.248936170212766,0.3168224299065421,29.86666666666667,72.01062887511071,70.58823529411765,64.70588235294117,76.47058823529412,70.83333333333334,202.94117647058823,4645.117647058823
1,1,904,2069,530,722,157,414,312,809,1121,626,731,262,529,148,2495,815,2095,557,761,174,511,339,727,1066,532,704,288,523,114,2361,25,9,34,15,2,10,7,16,6,6975,177269,1,1,47.48670855485742,43.05489260143198,4.431815953425442,7338.235294117647,6944.117647058823,394.1176470588234,15.558823529411764,32.970588235294116,1840.76,54.14,28.738129902866206,52.26926106558064,1.1833648393194707,0.3489608506524891,30.028873917228104,70.47038327526133,73.52941176470588,88.23529411764706,58.82352941176471,72.72727272727273,205.14705882352942,5213.794117647059
4,1,873,2042,456,630,124,387,321,683,1004,551,737,264,492,136,2326,818,1955,527,709,182,519,332,709,1041,567,654,247,544,115,2345,17,17,34,11,6,6,11,12,10,6800,150521,1,1,45.78844270323212,46.49616368286445,-0.7077209796323274,6841.176470588235,6897.058823529412,-55.88235294117658,14.470588235294118,29.529411764705884,1788.58,52.605294117647055,27.50785539366425,50.14660227664712,1.1199186991869918,0.30852105778648387,31.165048543689323,67.29064039408867,50.0,64.70588235294117,35.294117647058826,54.54545454545454,200.0,4427.088235294118
1,1,962,2195,540,726,111,377,350,852,1202,610,679,296,534,129,2575,873,2184,534,721,196,570,336,746,1082,565,636,284,556,128,2476,25,9,34,15,2,10,7,15,5,6825,141282,2,0,46.35535307517084,44.459706959706956,1.895646115463883,7573.529411764705,7282.352941176471,291.1764705882342,15.705882352941176,35.35294117647059,1910.84,56.20117647058823,27.945824872830798,51.20424428500978,1.142322097378277,0.330751708428246,31.934306569343068,71.71717171717171,73.52941176470588,88.23529411764706,58.82352941176471,75.0,200.73529411764707,4155.35294117647
7,0,940,2305,493,627,160,456,356,783,1139,554,732,245,571,107,2533,954,2212,609,800,191,537,343,836,1179,616,605,290,550,137,2708,10,24,34,5,12,5,12,6,16,6900,147810,0,1,44.251626898047725,47.445750452079565,-3.1941235540318402,7450.0,7964.7058823529405,-514.7058823529405,16.794117647058822,33.5,1973.94,58.05705882352942,28.926917738127806,49.072409410743624,0.9702276707530648,0.2720173535791757,29.86577181208054,69.53818827708703,29.411764705882355,29.411764705882355,29.411764705882355,27.27272727272727,202.94117647058823,4347.35294117647
3,1,954,2248,539,717,151,485,386,896,1282,613,713,251,608,216,2598,888,2310,562,751,185,547,359,768,1127,513,717,303,523,141,2523,20,14,34,12,5,8,9,12,8,7000,161639,2,1,45.79626334519573,42.44588744588745,3.3503758993082826,7641.176470588235,7420.588235294117,220.58823529411802,17.88235294117647,37.705882352941174,1962.96,57.734117647058824,30.973631658311934,50.67330347808448,1.0082236842105263,0.31895017793594305,33.44887348353553,71.39442231075698,58.82352941176471,70.58823529411765,47.05882352941176,60.0,205.88235294117646,4754.088235294118
6,0,647,1774,452,664,85,310,365,595,960,415,707,272,524,88,1831,715,1676,454,627,117,315,275,648,923,416,661,247,528,118,2001,13,19,32,9,7,4,12,9,12,6475,127721,0,1,38.86696730552424,46.15155131264916,-7.28458400712492,5721.875,6253.125,-531.25,16.375,30.0,1593.52,49.7975,32.88317686630855,44.30925000967979,0.7919847328244275,0.3742953776775648,36.03158933859822,68.39080459770115,40.625,56.25,25.0,42.857142857142854,202.34375,3991.28125
3,1,754,1826,356,469,93,295,292,651,943,467,602,300,448,153,1957,679,1725,420,588,120,395,301,667,968,388,538,259,512,87,1898,20,12,32,10,6,10,6,14,7,6575,141717,1,0,43.83899233296823,42.84057971014493,0.9984126228233023,6115.625,5931.25,184.375,14.0,29.46875,1532.5400000000002,47.891875000000006,29.232515953906585,48.14599775630302,1.0424107142857142,0.2568455640744797,30.448383733055266,68.38235294117648,62.5,62.5,62.5,66.66666666666666,205.46875,4428.65625
6,0,770,1831,449,592,204,571,258,612,870,495,690,237,497,63,2193,755,1758,514,702,164,481,300,677,977,472,707,275,547,130,2188,15,17,32,8,8,7,9,5,16,6425,116638,0,0,47.62424904423812,47.610921501706486,0.013327542531634151,6853.125,6837.5,15.625,15.53125,27.1875,1677.68,52.4275,29.62424300224119,52.426989500258195,0.9959758551307847,0.3233205898416166,27.593582887700535,67.10526315789474,46.875,50.0,43.75,23.809523809523807,200.78125,3644.9375
6,0,671,1810,559,727,176,552,308,693,1001,437,695,210,507,127,2077,752,1927,499,624,153,472,328,688,1016,511,719,259,470,126,2156,12,20,32,6,10,6,10,9,12,6475,120607,0,0,41.93370165745856,42.99429164504411,-1.0605899875855442,6490.625,6737.5,-246.875,15.84375,31.28125,1645.72,51.42875,30.807184697275357,48.75861550885496,0.8619329388560157,0.4016574585635359,30.923694779116467,67.87463271302644,37.5,37.5,37.5,42.857142857142854,202.34375,3768.96875
8,0,727,1775,383,578,166,500,309,650,959,466,617,226,529,102,2003,747,1807,469,613,141,389,302,612,914,495,618,273,465,117,2104,10,22,32,7,9,3,13,6,15,6475,139874,0,1,45.63380281690141,45.24073049252905,0.39307232437235484,6259.375,6575.0,-315.625,16.53125,29.96875,1613.52,50.4225,32.785462839010364,49.35150690871819,0.8809073724007561,0.3256338028169014,33.55048859934853,68.27731092436974,31.25,43.75,18.75,28.57142857142857,202.34375,4371.0625
4,1,875,1978,450,624,180,524,361,718,1079,580,634,242,558,101,2380,878,2067,473,633,141,446,337,652,989,528,666,271,471,126,2370,18,16,34,11,6,7,10,14,10,6850,120253,1,1,48.78665318503539,45.88776003870343,2.8988931463319574,7000.0,6970.588235294117,29.411764705882888,16.41176470588235,31.735294117647058,1779.54,52.33941176470588,31.356417950706362,52.828781475299216,1.039426523297491,0.3154701718907988,35.636722606120436,68.0568720379147,52.94117647058824,64.70588235294117,41.17647058823529,58.333333333333336,201.47058823529412,3536.8529411764707
3,1,767,1900,454,640,177,542,332,724,1056,526,660,257,613,139,2165,804,1972,490,669,92,330,323,713,1036,508,676,333,502,133,2190,18,16,34,11,6,7,10,12,10,6850,125097,1,0,45.026315789473685,43.103448275862064,1.922867513611621,6367.64705882353,6441.176470588235,-73.5294117647054,18.029411764705884,31.058823529411764,1735.48,51.04352941176471,35.321640122617374,49.619545287862124,0.8580750407830342,0.3368421052631579,31.770334928229666,69.14995224450811,52.94117647058824,64.70588235294117,41.17647058823529,54.54545454545454,201.47058823529412,3679.323529411765
6,0,801,1946,437,601,172,492,310,715,1025,531,624,258,536,127,2211,862,2019,435,592,129,376,344,711,1055,537,665,275,487,144,2288,14,20,34,11,6,3,14,9,13,6850,113447,0,0,45.580678314491266,45.88905398712234,-0.30837567263107246,6502.941176470588,6729.411764705883,-226.4705882352946,15.764705882352942,30.147058823529413,1716.46,50.484117647058824,31.227060345128926,50.01266716128916,0.9906716417910447,0.30883864337101746,30.36238981390793,67.51652502360717,41.17647058823529,64.70588235294117,17.647058823529413,40.909090909090914,201.47058823529412,3336.676470588235
7,0,945,2211,485,681,148,419,340,804,1144,491,654,193,530,113,2523,1004,2314,548,719,179,542,372,832,1204,625,633,308,438,124,2735,10,24,34,8,9,2,15,6,14,6825,109522,0,0,46.087743102668476,47.25583405358687,-1.1680909509183905,7420.588235294117,8044.117647058823,-623.5294117647063,15.588235294117647,33.64705882352941,1880.5,55.30882352941177,28.18399361871843,50.24615237548991,0.9264150943396227,0.30800542740841247,29.01023890784983,68.36734693877551,29.411764705882355,47.05882352941176,11.76470588235294,30.0,200.73529411764707,3221.235294117647
6,0,971,2355,531,674,163,496,397,785,1182,596,713,238,561,95,2636,988,2195,614,785,162,461,318,800,1118,565,645,279,529,147,2752,10,24,34,7,10,3,14,8,14,6875,121019,0,0,44.69214437367304,48.70159453302961,-4.009450159356575,7752.941176470588,8094.117647058823,-341.17647058823513,16.5,34.76470588235294,1990.98,58.55823529411765,28.17707862459693,49.7065878200003,1.0623885918003566,0.2861995753715499,33.16624895572264,71.16953762466002,29.411764705882355,41.17647058823529,17.647058823529413,36.36363636363637,202.2058823529412,3559.3823529411766
7,0,991,2303,652,864,133,413,353,792,1145,557,751,309,472,131,2767,974,2220,612,809,161,486,350,862,1212,587,748,248,579,140,2721,16,18,34,9,8,7,10,8,12,6900,118463,0,0,45.91836734693878,47.5,-1.5816326530612201,8138.235294117647,8002.941176470588,135.29411764705856,13.882352941176471,33.6764705882353,1976.56,58.13411764705882,23.879872101024002,51.56233694598906,1.180084745762712,0.37516283108988274,29.05349794238683,69.35201401050787,47.05882352941176,52.94117647058824,41.17647058823529,40.0,202.94117647058823,3484.205882352941
1,1,792,1815,429,567,135,396,288,652,940,477,617,246,474,102,2148,741,1822,437,590,116,420,320,647,967,462,645,223,479,94,2035,20,12,32,12,4,8,8,14,7,6425,231962,3,1,47.35537190082645,43.85290889132821,3.5024630094982356,6712.5,6359.375,353.125,14.8125,29.375,1596.04,49.87625,29.698503796897324,52.022785398744475,1.0063291139240507,0.31239669421487604,30.802139037433157,67.07818930041152,62.5,75.0,50.0,66.66666666666666,200.78125,7248.8125
2,1,833,1828,336,500,160,421,255,660,915,553,616,265,437,82,2162,744,1759,461,640,133,394,304,679,983,430,600,223,496,76,2082,21,11,32,13,3,8,8,13,8,6400,250565,2,1,49.945295404814004,46.07731665719159,3.8679787476224163,6756.25,6506.25,250.0,13.65625,28.59375,1561.8,48.80625,27.980535279805352,52.783203125,1.265446224256293,0.2735229759299781,27.301927194860813,68.46473029045643,65.625,81.25,50.0,61.904761904761905,200.0,7830.15625
1,1,772,1740,400,567,145,400,260,610,870,496,638,261,458,100,2089,691,1733,484,645,149,434,312,649,961,410,597,228,478,88,2015,18,14,32,10,6,8,8,11,10,6450,234717,3,0,48.53448275862069,44.17195614541258,4.362526613208111,6528.125,6296.875,231.25,14.3125,27.1875,1555.64,48.61375,29.44125890308812,52.501156080985986,1.0829694323144106,0.3258620689655172,28.6028602860286,66.16052060737528,56.25,62.5,50.0,52.38095238095239,201.5625,7334.90625
6,0,825,1923,412,537,181,500,271,686,957,527,587,262,470,128,2243,821,1959,459,581,155,467,326,736,1062,506,614,269,480,96,2256,16,18,34,11,6,5,12,11,13,6850,212346,0,1,47.60790431617264,45.865237366003065,1.7426669501695784,6597.058823529412,6635.2941176470595,-38.235294117647754,13.823529411764707,28.147058823529413,1652.46,48.60176470588235,28.44244338743449,51.9386091660183,1.1212765957446809,0.2792511700468019,26.911618669314798,67.78656126482213,47.05882352941176,64.70588235294117,29.411764705882355,45.83333333333333,201.47058823529412,6245.470588235294
2,1,819,1932,398,531,216,617,263,741,1004,539,587,209,506,124,2252,867,2096,431,579,132,416,371,730,1101,517,589,288,430,123,2297,18,16,34,11,6,7,10,10,10,6900,168062,2,1,47.98136645962733,44.51335877862596,3.4680076810013745,6623.529411764705,6755.882352941177,-132.35294117647118,14.882352941176471,29.529411764705884,1673.7,49.226470588235294,30.23241919101392,51.993867863541496,1.065217391304348,0.2748447204968944,26.48539778449144,66.63669064748201,52.94117647058824,64.70588235294117,41.17647058823529,50.0,202.94117647058823,4943.0
3,1,828,1860,452,552,208,605,242,732,974,498,613,214,462,112,2316,859,2012,442,608,125,398,345,685,1030,473,590,275,411,86,2285,18,16,34,10,7,8,9,9,11,6925,172381,1,0,50.10752688172043,45.80019880715705,4.3073280745633795,6811.764705882353,6720.588235294117,91.17647058823604,13.588235294117647,28.647058823529413,1625.7,47.81470588235294,28.418527403579997,55.06733622460626,1.077922077922078,0.2967741935483871,26.10571736785329,67.96657381615599,52.94117647058824,58.82352941176471,47.05882352941176,45.0,203.6764705882353,5070.029411764706
5,0,822,2069,512,650,216,645,285,736,1021,475,674,252,576,112,2372,966,2153,553,722,171,461,341,832,1173,508,668,270,485,134,2656,11,23,34,7,10,4,13,7,13,6875,155048,0,1,44.949250845819236,48.8388295401765,-3.8895786943572617,6976.470588235295,7811.764705882353,-835.2941176470586,16.941176470588236,30.029411764705884,1846.34,54.304117647058824,31.196854317189686,50.360934182590235,0.8246527777777778,0.3141614306428226,25.514771709937335,68.33797585886722,32.35294117647059,41.17647058823529,23.52941176470588,35.0,202.2058823529412,4560.235294117647
4,1,870,2087,430,580,243,653,287,788,1075,500,618,289,612,109,2413,920,2223,471,619,190,589,378,837,1215,509,608,321,562,115,2501,16,18,34,10,7,6,11,10,10,6850,147866,1,1,47.508385241974125,45.659019343229865,1.84936589874426,7097.058823529412,7355.882352941177,-258.82352941176487,18.0,31.61764705882353,1860.78,54.72882352941176,32.889433463386325,51.51139953889506,0.8169934640522876,0.27791087685673216,25.533807829181494,67.58147512864494,47.05882352941176,58.82352941176471,35.294117647058826,50.0,201.47058823529412,4349.0
3,1,912,2168,490,653,259,706,327,778,1105,551,655,290,547,117,2573,924,2163,516,674,174,485,352,823,1175,496,625,285,559,109,2538,19,15,34,11,6,8,9,11,9,6900,153772,2,0,48.039667896678964,46.74063800277393,1.2990298939050362,7567.647058823529,7464.7058823529405,102.94117647058829,16.08823529411765,32.5,1870.44,55.01294117647059,29.24445584996044,52.396428978707455,1.0073126142595978,0.3011992619926199,28.434782608695652,68.84955752212389,55.88235294117647,64.70588235294117,47.05882352941176,55.00000000000001,202.94117647058823,4522.705882352941
3,1,833,1911,397,546,145,424,319,606,925,473,583,255,486,130,2208,851,1964,378,495,153,450,348,669,1017,536,637,264,500,108,2233,16,16,32,11,5,5,11,13,8,6500,117810,1,0,47.38356881214024,47.22505091649695,0.15851789564329266,6900.0,6978.125,-78.125,15.1875,28.90625,1688.52,52.76625,28.782602515812666,51.31923913649803,0.9732510288065843,0.2857142857142857,32.28744939271255,63.52201257861635,50.0,68.75,31.25,61.904761904761905,203.125,3681.5625
5,0,768,1914,430,587,174,532,356,614,970,452,643,320,532,125,2140,806,1831,436,605,157,438,316,659,975,534,600,298,546,114,2205,13,19,32,10,6,3,13,9,12,6450,118874,0,0,44.67084639498432,48.306936100491534,-3.63608970550721,6687.5,6890.625,-203.125,16.625,30.3125,1701.24,53.16375,31.271307987115282,49.25700185979707,0.849624060150376,0.306687565308255,35.073891625615765,66.02150537634408,40.625,62.5,18.75,42.857142857142854,201.5625,3714.8125
4,1,803,1800,513,661,124,394,275,619,894,465,630,285,429,91,2243,773,1828,421,574,135,416,334,635,969,486,699,224,531,91,2102,20,12,32,11,5,9,7,11,10,6425,161075,1,0,48.05555555555556,45.979212253829324,2.076343301726233,7009.375,6568.75,440.625,13.40625,27.9375,1634.2,51.06875,26.251376820462614,53.638728931912524,1.083916083916084,0.3672222222222222,30.21978021978022,64.95278069254984,62.5,68.75,56.25,52.38095238095239,200.78125,5033.59375
5,0,767,1894,429,587,101,313,300,642,942,514,625,292,519,138,2064,785,1892,462,584,137,391,333,698,1031,524,603,283,517,127,2169,13,19,32,10,6,3,13,8,13,6450,136979,0,0,43.16261879619852,45.11099365750528,-1.9483748613067604,6450.0,6778.125,-328.125,16.21875,29.4375,1682.1200000000001,52.566250000000004,30.853922431217747,47.9491515973758,0.9903660886319846,0.3099260823653643,30.060120240480963,65.84615384615384,40.625,62.5,18.75,38.095238095238095,201.5625,4280.59375
7,0,793,1889,405,538,100,328,292,626,918,427,623,267,501,94,2091,850,1870,436,608,155,388,309,692,1001,532,600,268,491,127,2291,11,21,32,10,6,1,15,7,14,6400,139798,0,0,44.62678665960826,49.59893048128342,-4.972143821675161,6534.375,7159.375,-625.0,15.65625,28.6875,1668.12,52.12875,30.033810517228975,49.18333552866794,0.8522954091816367,0.2848067760719958,29.67479674796748,66.95187165775401,34.375,62.5,6.25,33.33333333333333,200.0,4368.6875
7,0,801,2095,379,556,116,349,357,643,1000,461,664,310,479,111,2097,834,1867,466,626,136,371,303,811,1114,509,667,275,610,146,2270,8,26,34,6,11,2,15,5,19,6925,144511,0,0,41.00238663484487,48.31280128548474,-7.310414650639871,6167.64705882353,6676.470588235295,-508.82352941176487,14.088235294117647,29.41176470588235,1728.54,50.83941176470588,27.711247642519123,44.81458685951685,0.9624217118997912,0.26539379474940333,30.565068493150683,67.97040169133193,23.52941176470588,35.294117647058826,11.76470588235294,20.833333333333336,203.6764705882353,4250.323529411765
5,0,826,1922,456,598,192,519,264,652,916,501,748,282,464,137,2300,784,1845,534,724,133,348,309,711,1020,456,660,226,536,137,2235,17,17,34,10,7,7,10,11,11,6825,136295,0,0,47.97086368366285,46.09756097560976,1.8733027080530888,6764.7058823529405,6573.529411764705,191.17647058823513,13.647058823529411,26.941176470588236,1706.34,50.186470588235295,27.192704853663397,52.62868858460863,1.0797413793103448,0.31113423517169614,27.076923076923077,67.84599375650365,50.0,58.82352941176471,41.17647058823529,50.0,200.73529411764707,4008.676470588235
5,0,826,1994,531,693,178,539,342,720,1062,549,697,243,517,179,2361,855,1993,523,720,121,332,319,705,1024,470,672,265,483,112,2354,16,18,34,11,6,5,12,12,10,6800,124146,0,0,45.8876629889669,45.93577521324636,-0.04811222427945694,6944.117647058823,6923.529411764705,20.58823529411802,15.205882352941176,31.235294117647058,1761.3600000000001,51.80470588235295,29.352318662851427,51.35019922398344,1.0618955512572534,0.347542627883651,32.664756446991404,69.29740134744947,47.05882352941176,64.70588235294117,29.411764705882355,54.54545454545454,200.0,3651.3529411764707
5,0,1079,2434,537,684,265,722,334,811,1145,640,741,275,442,127,2960,1023,2360,630,852,203,618,408,875,1283,578,669,231,537,126,2879,18,16,34,10,7,8,9,8,12,6900,126801,0,1,49.77403451109285,47.648305084745765,2.1257294263470854,8705.882352941177,8467.64705882353,238.23529411764684,13.0,33.6764705882353,2010.42,59.13,21.985455775410113,54.11413695264282,1.4479638009049773,0.2810188989317995,27.626137303556657,66.52994257588188,52.94117647058824,58.82352941176471,47.05882352941176,40.0,202.94117647058823,3729.4411764705883
1,1,1063,2419,616,754,283,802,279,873,1152,683,658,285,486,159,3025,1022,2526,570,716,290,762,445,945,1390,628,684,244,595,109,2904,23,11,34,12,5,11,6,17,5,6850,131524,4,0,49.79330301777594,46.19952494061758,3.593778077158362,8897.05882352941,8541.176470588234,355.8823529411766,14.294117647058824,33.88235294117647,2065.4,60.747058823529414,23.53055098286046,54.98480419956666,1.4053497942386832,0.31169904919388175,22.794117647058822,66.23672230652504,67.64705882352942,70.58823529411765,64.70588235294117,77.27272727272727,201.47058823529412,3868.3529411764707
6,0,1069,2485,642,773,230,701,375,851,1226,560,794,232,489,156,3010,1036,2460,694,932,243,695,440,858,1298,650,717,234,500,129,3009,16,18,34,10,7,6,11,8,12,6825,144867,0,1,47.645875251509054,47.052845528455286,0.5930297230537676,8852.94117647059,8850.0,2.9411764705891983,14.382352941176471,36.05882352941177,2080.1,61.17941176470588,23.50848516898226,53.2720733986521,1.1451942740286298,0.31106639839034206,30.413625304136254,65.91789310611928,47.05882352941176,58.82352941176471,35.294117647058826,40.0,200.73529411764707,4260.794117647059
7,0,761,1828,488,697,145,433,309,627,936,480,761,265,593,93,2155,788,1847,577,766,150,447,307,646,953,487,729,277,531,130,2303,10,22,32,6,10,4,12,4,17,6525,133076,0,0,45.596280087527354,46.72441797509475,-1.128137887567398,6734.375,7196.875,-462.5,18.53125,29.25,1776.86,55.526875,33.37347905856399,50.475949556842245,0.8094435075885329,0.3812910284463895,32.35602094240838,67.13062098501071,31.25,37.5,25.0,19.047619047619047,203.90625,4158.625
7,0,733,1891,450,612,172,519,300,696,996,451,633,244,500,106,2088,791,1944,461,656,159,410,343,763,1106,501,643,293,474,144,2202,11,21,32,6,10,5,11,5,16,6525,137656,0,0,43.31041776837652,44.778806584362144,-1.4683888159856266,6525.0,6881.25,-356.25,15.625,31.125,1632.46,51.014375,30.628621834531934,48.32706871331494,0.902,0.32363828662083555,28.222013170272813,66.98748796920115,34.375,37.5,31.25,23.809523809523807,203.90625,4301.75
3,1,876,1993,449,650,142,459,388,650,1038,567,571,332,458,157,2343,811,1918,410,544,144,418,320,631,951,503,600,226,524,116,2176,21,11,32,13,3,8,8,13,8,6400,126841,1,1,47.51630707476166,46.03753910323253,1.4787679715291304,7321.875,6800.0,521.875,14.3125,32.4375,1714.68,53.58375,26.71052324632001,51.404124616059676,1.237991266375546,0.3261414952333166,38.0765456329735,67.0103092783505,65.625,81.25,50.0,61.904761904761905,200.0,3963.78125
2,1,837,1974,457,618,163,423,374,723,1097,558,588,276,494,158,2294,804,2003,415,578,116,400,343,662,1005,496,616,261,481,143,2139,20,12,32,12,4,8,8,13,8,6525,133603,2,0,46.52988855116515,43.03544682975537,3.4944417214097783,7168.75,6684.375,484.375,15.4375,34.28125,1688.1200000000001,52.753750000000004,29.263322512617584,51.070385409987885,1.1295546558704452,0.3130699088145897,36.1003861003861,67.82363977485929,62.5,75.0,50.0,61.904761904761905,203.90625,4175.09375
6,0,780,1945,494,653,112,395,301,648,949,500,675,247,456,109,2166,815,1944,515,681,149,453,352,723,1075,493,633,233,496,128,2294,14,18,32,10,6,4,12,8,13,6575,144179,0,1,42.98200514138817,45.75617283950617,-2.7741676981179992,6768.75,7168.75,-400.0,14.25,29.65625,1701.98,53.186875,26.792324234127314,48.514549885321095,1.0964912280701755,0.33573264781491,29.39453125,64.8,43.75,62.5,25.0,38.095238095238095,205.46875,4505.59375
3,1,862,2107,425,626,150,473,349,718,1067,568,641,297,461,122,2299,816,1991,435,597,149,467,345,751,1096,516,640,224,576,141,2216,19,15,34,12,5,7,10,13,11,6825,155578,2,1,44.47081158044613,44.72626820693119,-0.2554566264850564,6761.764705882353,6517.647058823529,244.11764705882433,13.558823529411764,31.38235294117647,1755.06,51.61941176470588,26.266908253848868,48.248854115948355,1.2321041214750543,0.2971048884670147,31.727272727272727,67.54468485418627,55.88235294117647,70.58823529411765,41.17647058823529,54.166666666666664,200.73529411764707,4575.823529411765
4,1,874,2072,435,604,129,365,389,635,1024,519,641,314,485,118,2312,803,1872,474,631,161,458,310,676,986,513,646,241,593,117,2241,18,16,34,10,7,8,9,12,10,6900,147544,2,1,45.294401544401545,47.19551282051282,-1.9011112761112727,6800.0,6591.176470588235,208.82352941176487,14.264705882352942,30.11764705882353,1777.7,52.28529411764706,27.2824436069078,49.44904523988775,1.0701030927835051,0.2915057915057915,36.52582159624413,67.1957671957672,52.94117647058824,58.82352941176471,47.05882352941176,54.54545454545454,202.94117647058823,4339.529411764706
1,1,853,1986,494,721,129,360,369,674,1043,527,684,304,500,108,2329,751,1823,478,653,113,376,273,694,967,463,723,235,622,132,2093,25,9,34,15,2,10,7,17,5,6800,145213,4,1,46.19838872104733,44.29511793746572,1.9032707835816112,6850.0,6155.882352941177,694.1176470588234,14.705882352941176,30.676470588235293,1762.78,51.84647058823529,28.364288226551242,50.55921224014867,1.054,0.36304128902316213,34.71307619943556,71.17212249208026,73.52941176470588,88.23529411764706,58.82352941176471,77.27272727272727,200.0,4270.970588235294
2,1,919,2190,542,741,157,461,418,720,1138,509,670,330,542,88,2537,872,2021,504,661,156,507,294,725,1019,507,687,244,633,143,2404,21,13,34,14,3,7,10,10,10,6875,147739,3,1,45.54794520547945,47.006432459178626,-1.4584872536991753,7461.764705882353,7070.588235294117,391.17647058823604,15.941176470588236,33.470588235294116,1922.94,56.55705882352942,28.186006843687274,50.4165275591803,0.9391143911439115,0.33835616438356164,36.57042869641295,71.00591715976331,61.76470588235294,82.35294117647058,41.17647058823529,50.0,202.2058823529412,4345.264705882353
3,1,901,2214,572,745,153,429,452,723,1175,537,642,325,611,101,2527,891,2081,512,664,186,547,308,718,1026,542,689,274,649,141,2480,19,15,34,12,5,7,10,12,10,6950,142575,1,1,44.150858175248416,47.28495915425277,-3.1341009790043515,7432.352941176471,7294.117647058823,138.23529411764775,17.970588235294116,34.55882352941177,1986.98,58.440588235294115,30.750183695860052,49.708867731528834,0.8788870703764321,0.33649503161698285,38.63247863247864,70.12609117361784,55.88235294117647,70.58823529411765,41.17647058823529,54.54545454545454,204.41176470588235,4193.382352941177
4,1,883,2159,611,816,168,438,388,721,1109,473,690,319,586,77,2545,958,2128,469,622,186,542,308,767,1075,581,759,267,624,206,2571,18,16,34,13,4,5,12,9,11,6800,139066,1,0,44.78925428439092,49.3890977443609,-4.599843459969982,7485.2941176470595,7561.764705882353,-76.47058823529369,17.235294117647058,32.61764705882353,1972.86,58.02529411764706,29.703070668978032,50.53533700814919,0.8071672354948806,0.3779527559055118,33.59307359307359,70.06802721088435,52.94117647058824,76.47058823529412,29.411764705882355,45.0,200.0,4090.176470588235
6,0,792,2068,538,736,93,315,350,795,1145,428,728,187,513,167,2215,867,2176,544,745,149,482,389,783,1172,530,669,275,424,140,2427,12,22,34,9,8,3,14,10,14,6825,176526,0,0,40.54642166344294,43.267463235294116,-2.721041571851174,6514.7058823529405,7138.235294117647,-623.5294117647063,15.088235294117647,33.6764705882353,1757.8200000000002,51.70058823529412,29.18387548213127,46.3032644324035,0.834307992202729,0.35589941972920697,30.89143865842895,67.14527027027027,35.294117647058826,52.94117647058824,17.647058823529413,41.66666666666667,200.73529411764707,5191.941176470588
7,0,812,1940,488,628,79,247,302,701,1003,493,628,272,513,106,2191,888,2003,416,564,172,469,324,710,1034,575,624,280,492,129,2364,9,25,34,6,11,3,14,6,16,6875,142717,0,0,43.891752577319586,48.627059410883675,-4.735306833564088,6444.117647058823,6952.941176470588,-508.82352941176487,15.088235294117647,29.5,1717.74,50.521764705882354,29.86482238289846,49.42878284724227,0.9610136452241715,0.3237113402061856,29.841897233201582,68.39024390243902,26.47058823529412,35.294117647058826,17.647058823529413,27.27272727272727,202.2058823529412,4197.558823529412
7,0,764,1833,503,652,110,339,256,690,946,433,650,195,535,90,2141,898,2059,463,611,142,408,351,704,1055,563,685,283,429,148,2401,7,27,34,5,12,2,15,3,19,6800,135054,0,0,44.680851063829785,47.06168042739194,-2.3808293635621567,6297.058823529412,7061.764705882353,-764.7058823529414,15.735294117647058,27.823529411764707,1705.3600000000001,50.157647058823535,31.371675188816432,50.498141404230424,0.8093457943925234,0.3557010365521004,26.666666666666668,66.28242074927954,20.588235294117645,29.411764705882355,11.76470588235294,13.636363636363635,200.0,3972.176470588235
6,0,915,2255,504,672,189,556,354,814,1168,540,610,246,488,83,2523,974,2262,490,640,165,459,372,865,1237,560,641,254,480,129,2603,13,21,34,6,11,7,10,10,10,6800,125749,0,1,44.76718403547672,46.706454465075154,-1.9392704295984373,7420.588235294117,7655.882352941177,-235.29411764705947,14.352941176470589,34.35294117647059,1828.6399999999999,53.783529411764704,26.68649925627789,49.457399595402016,1.1065573770491803,0.29800443458980047,29.04019688269073,68.63406408094434,38.23529411764706,35.294117647058826,41.17647058823529,50.0,200.0,3698.5
2,1,923,2176,464,577,207,566,323,764,1087,567,653,283,558,130,2517,904,2139,529,688,147,454,361,776,1137,516,619,257,583,137,2484,20,14,34,9,8,11,6,13,9,6875,128680,2,1,47.173713235294116,45.69892473118279,1.4747885041113236,7402.941176470588,7305.882352941177,97.05882352941171,16.41176470588235,31.970588235294116,1894.3000000000002,55.714705882352945,29.456791426912314,51.792681120055306,1.0161290322580645,0.26516544117647056,29.390354868061873,67.91111111111111,58.82352941176471,52.94117647058824,64.70588235294117,59.09090909090909,202.2058823529412,3784.705882352941
1,1,901,2080,561,694,183,539,246,847,1093,601,602,272,525,150,2546,904,2271,471,634,139,483,389,817,1206,500,666,278,528,109,2418,24,10,34,15,2,9,8,10,10,6850,135722,3,1,47.71634615384615,42.8665785997358,4.84976755411035,7488.235294117647,7111.764705882353,376.4705882352937,15.441176470588236,32.14705882352941,1844.66,54.254705882352944,28.460529311634662,53.367206627091925,1.1447619047619049,0.33365384615384613,23.142050799623707,68.52750809061489,70.58823529411765,88.23529411764706,52.94117647058824,50.0,201.47058823529412,3991.823529411765
8,0,667,1740,379,561,109,364,256,537,793,390,648,255,525,93,1822,778,1721,498,654,117,334,288,721,1009,506,618,284,529,123,2171,6,26,32,4,12,2,14,4,17,6475,142594,0,0,41.46551724137931,48.605461940732134,-7.139944699352824,5693.75,6784.375,-1090.625,16.40625,24.78125,1623.8000000000002,50.743750000000006,32.33156792708461,45.85170421372632,0.7428571428571429,0.32241379310344825,26.202661207778917,65.0909090909091,18.75,25.0,12.5,19.047619047619047,202.34375,4456.0625
8,0,689,1821,415,606,128,412,306,585,891,412,605,273,431,127,1921,753,1750,417,559,125,325,296,756,1052,492,588,228,519,127,2048,10,22,32,5,11,5,11,6,15,6550,95257,0,1,41.35090609555189,46.6,-5.2490939044481095,6003.125,6400.0,-396.875,13.46875,27.84375,1545.3,48.290625,27.891024396557302,46.008890421720224,0.9559164733178654,0.33278418451400327,28.8135593220339,66.40181611804768,31.25,31.25,31.25,28.57142857142857,204.6875,2976.78125
4,1,794,1948,418,543,182,506,362,633,995,514,623,282,477,151,2188,783,1818,435,587,102,342,307,662,969,488,563,254,531,125,2103,17,15,32,10,6,7,9,10,11,6450,111774,1,0,45.431211498973305,45.87458745874587,-0.44337595977256683,6837.5,6571.875,265.625,14.90625,31.09375,1653.6000000000001,51.675000000000004,28.846153846153843,50.024692261262416,1.0775681341719077,0.27874743326488705,35.3515625,67.34042553191489,53.125,62.5,43.75,47.61904761904761,201.5625,3492.9375
5,0,890,2045,442,567,166,500,342,732,1074,548,644,232,465,138,2388,844,2039,441,591,145,437,352,689,1041,456,570,245,459,104,2274,18,16,34,13,4,5,12,11,13,6850,120857,0,1,47.57946210268948,44.94850416871015,2.6309579339793316,7023.529411764705,6688.235294117647,335.29411764705856,13.676470588235293,31.58823529411765,1701.26,50.037058823529414,27.33268283507518,52.03793452111154,1.178494623655914,0.27726161369193153,33.17167798254122,67.52767527675276,52.94117647058824,76.47058823529412,29.411764705882355,45.83333333333333,201.47058823529412,3554.6176470588234
2,1,873,2025,524,676,167,439,350,709,1059,552,665,302,499,131,2437,851,1989,423,592,139,391,303,679,982,507,678,252,527,137,2264,20,14,34,13,4,7,10,13,9,6825,134291,4,1,47.23456790123457,46.27953745600804,0.9550304452265266,7167.647058823529,6658.823529411765,508.82352941176396,14.676470588235293,31.147058823529413,1778.46,52.307647058823534,28.057982749120026,52.466371574723134,1.1062124248496994,0.33382716049382716,34.01360544217687,70.0592885375494,58.82352941176471,76.47058823529412,41.17647058823529,59.09090909090909,200.73529411764707,3949.735294117647
2,1,906,2066,544,688,142,429,323,776,1099,520,657,201,516,158,2498,892,2163,490,646,133,419,334,686,1020,568,691,267,438,154,2407,20,14,34,14,3,6,11,13,9,6825,151150,1,1,47.28944820909971,44.31345353675451,2.9759946723452018,7347.058823529412,7079.411764705883,267.6470588235288,15.176470588235293,32.3235294117647,1825.48,53.690588235294115,28.266538116002366,52.728899996622644,1.0077519379844961,0.3330106485963214,32.01189296333003,69.90990990990991,58.82352941176471,82.35294117647058,35.294117647058826,59.09090909090909,200.73529411764707,4445.588235294118
4,1,961,2124,562,712,160,475,327,821,1148,514,682,232,570,127,2644,940,2218,531,707,164,484,322,709,1031,520,683,297,485,115,2575,18,16,34,9,8,9,8,10,10,6800,145664,1,1,49.01129943502825,46.077547339945895,2.9337520950823546,7776.470588235295,7573.529411764705,202.9411764705892,16.764705882352942,33.76470588235294,1921.18,56.50529411764706,29.669265763749365,54.24079301516444,0.9017543859649123,0.3352165725047081,31.56370656370656,71.82852143482064,52.94117647058824,52.94117647058824,52.94117647058824,50.0,200.0,4284.235294117647
4,1,964,2210,582,715,224,639,344,820,1164,533,620,242,533,151,2734,987,2321,478,586,195,528,333,761,1094,591,642,272,495,112,2647,17,17,34,12,5,5,12,11,11,6825,135553,1,1,48.68778280542986,46.7255493321844,1.9622334732454618,8041.176470588235,7785.2941176470595,255.88235294117567,15.676470588235293,34.23529411764706,1936.72,56.96235294117647,27.520756743359907,54.14719163431832,1.0,0.3235294117647059,31.131221719457013,71.11882046834344,50.0,70.58823529411765,29.411764705882355,50.0,200.73529411764707,3986.8529411764707
2,1,899,2112,552,728,143,453,340,822,1162,530,684,269,526,140,2493,861,2164,512,680,172,539,332,760,1092,498,674,263,515,115,2406,22,12,34,16,1,6,11,13,7,6800,140503,1,1,45.95170454545455,43.76155268022181,2.1901518652327354,7332.352941176471,7076.470588235295,255.88235294117658,15.470588235294118,34.1764705882353,1841.26,54.15470588235294,28.56739406710622,51.24736876726747,1.0076045627376427,0.3446969696969697,30.909090909090907,71.23050259965338,64.70588235294117,94.11764705882352,35.294117647058826,65.0,200.0,4132.441176470588
5,0,858,1896,609,790,88,262,348,732,1080,522,698,214,544,157,2413,860,1964,531,721,156,448,313,598,911,503,702,301,437,112,2407,18,14,32,12,4,6,10,13,8,6400,103442,0,1,47.573839662447256,47.75967413441955,-0.1858344719722922,7540.625,7521.875,18.75,17.0,33.75,1757.4199999999998,54.919374999999995,30.954467344174986,53.775182742021755,0.9595588235294118,0.4166666666666667,36.78646934460888,70.04784688995215,56.25,75.0,37.5,61.904761904761905,200.0,3232.5625
3,1,811,1849,507,675,78,244,295,775,1070,524,622,202,493,156,2207,789,1976,489,660,125,429,344,630,974,478,645,275,390,148,2192,19,13,32,9,7,10,6,11,10,6475,110507,1,1,45.97079502433748,43.09210526315789,2.8786897611795865,6896.875,6850.0,46.875,15.40625,33.4375,1625.7,50.803125,30.3253982899674,51.42124883504194,1.0628803245436105,0.3650621957815035,31.891891891891895,69.25826630920466,59.375,56.25,62.5,52.38095238095239,202.34375,3453.34375
4,1,832,1813,403,578,109,335,300,646,946,521,597,245,506,126,2176,845,1875,382,555,149,397,299,612,911,513,595,261,456,102,2221,14,18,32,7,9,7,9,13,8,6400,244134,1,0,48.896856039713185,49.04,-0.14314396028681386,6800.0,6940.625,-140.625,15.8125,29.5625,1645.76,51.43,30.745673731285244,52.628523885997325,1.0296442687747036,0.3188086045228902,32.89473684210527,68.35978835978837,43.75,43.75,43.75,61.904761904761905,200.0,7629.1875
8,0,739,1915,333,504,117,418,356,699,1055,424,537,257,495,127,1928,791,1945,347,467,146,408,331,737,1068,487,543,261,454,103,2075,10,22,32,8,8,2,14,4,17,6500,246667,0,1,41.64490861618799,44.42159383033419,-2.776685214146198,6025.0,6484.375,-459.375,15.46875,32.96875,1556.6200000000001,48.644375000000004,31.799668512546415,45.115033976674965,0.8565656565656565,0.26318537859007834,32.570905763952425,67.86407766990291,31.25,50.0,12.5,19.047619047619047,203.125,7708.34375
3,1,806,1910,359,478,164,443,330,708,1038,516,583,221,455,94,2135,786,1903,397,538,147,446,309,680,989,442,570,237,441,101,2116,17,15,32,9,7,8,8,12,9,6450,259237,0,0,46.49214659685864,45.16552811350499,1.3266184833536485,6671.875,6612.5,59.375,14.21875,32.4375,1564.52,48.89125,29.082402270344897,50.346174162390575,1.134065934065934,0.25026178010471206,32.67326732673268,69.6165191740413,53.125,56.25,50.0,57.14285714285714,201.5625,8101.15625
7,0,896,2191,381,507,157,505,382,703,1085,568,676,213,462,99,2330,909,2033,509,691,171,482,334,781,1115,591,565,251,468,119,2498,9,25,34,3,14,6,11,7,17,6875,238710,0,1,44.47740757644911,48.91785538612887,-4.44044780967976,6852.941176470588,7347.058823529412,-494.1176470588234,13.588235294117647,31.91176470588235,1740.56,51.19294117647058,26.543181504803055,48.2585498409332,1.2294372294372293,0.23140118667275217,32.84608770421324,67.7917068466731,26.47058823529412,17.647058823529413,35.294117647058826,29.166666666666668,202.2058823529412,7020.882352941177
4,1,873,2088,474,661,105,283,337,726,1063,467,652,255,424,128,2325,864,2013,510,686,146,425,336,770,1106,534,627,237,492,111,2384,17,17,34,11,6,6,11,9,11,6850,214448,1,0,44.32471264367816,46.547441629408844,-2.222728985730683,6838.235294117647,7011.764705882353,-173.5294117647063,12.470588235294118,31.264705882352942,1720.3400000000001,50.59823529411765,24.64629084948324,48.868356005448035,1.1014150943396226,0.31657088122605365,30.442637759710927,68.36158192090396,50.0,64.70588235294117,35.294117647058826,45.0,201.47058823529412,6307.294117647059
5,0,847,1968,388,546,181,510,266,677,943,517,697,260,435,76,2263,833,1872,489,648,150,433,267,757,1024,545,638,205,504,108,2305,16,18,34,10,7,6,11,9,11,6900,171501,0,1,47.63719512195122,48.504273504273506,-0.8670783823222834,6655.882352941177,6779.411764705883,-123.52941176470631,12.794117647058824,27.735294117647058,1668.6799999999998,49.07882352941176,26.068509240837074,51.239901459986235,1.1885057471264369,0.2774390243902439,26.001955034213097,71.71610169491525,47.05882352941176,58.82352941176471,35.294117647058826,45.0,202.94117647058823,5044.14705882353
4,1,1016,2199,528,715,187,522,330,770,1100,576,784,306,541,113,2747,909,2102,635,851,204,553,321,720,1041,583,687,252,573,89,2657,18,16,34,13,4,5,12,12,8,6850,133255,1,0,50.45475216007276,48.09705042816365,2.35770173190911,8079.411764705883,7814.7058823529405,264.70588235294235,15.911764705882353,32.35294117647059,1981.52,58.28,27.302273002543505,54.64274347549332,1.064695009242144,0.32514779445202363,31.428571428571427,70.57745187901008,52.94117647058824,76.47058823529412,29.411764705882355,60.0,201.47058823529412,3919.264705882353
5,0,877,2170,668,839,163,528,335,783,1118,472,763,282,571,133,2585,924,2216,616,801,175,520,383,825,1208,549,762,256,579,103,2639,16,18,34,8,9,8,9,8,12,6900,133255,0,0,44.1705069124424,45.645306859205775,-1.4747999467633761,7602.941176470588,7761.764705882353,-158.82352941176487,16.794117647058822,32.88235294117647,1965.8,57.817647058823525,29.04669854512158,50.90266072244365,0.8266199649737302,0.3866359447004608,28.879310344827587,67.15265866209262,47.05882352941176,47.05882352941176,47.05882352941176,40.0,202.94117647058823,3919.264705882353
6,0,885,2131,435,659,163,460,362,770,1132,483,757,241,637,93,2368,929,2096,563,760,180,528,306,787,1093,542,708,314,530,146,2601,10,24,34,6,11,4,13,6,14,6825,154637,0,1,45.35429375879868,48.61641221374045,-3.2621184549417706,6964.7058823529405,7650.0,-685.2941176470595,18.735294117647058,33.294117647058826,1896.68,55.784705882352945,33.585001159921546,48.906219020553834,0.7582417582417582,0.30924448615673394,31.505657093124455,71.56133828996283,29.411764705882355,35.294117647058826,23.52941176470588,30.0,200.73529411764707,4548.14705882353
3,0,765,1898,456,641,176,542,331,723,1054,524,660,256,610,138,2163,802,1971,490,668,93,332,323,712,1035,508,676,331,501,132,2189,17,16,33,10,6,6,10,11,10,6842,125004,0,0,44.94204425711275,43.049213597158804,1.892830659953944,6554.545454545455,6633.333333333333,-78.78787878787807,18.484848484848484,31.939393939393938,1733.48,52.52969696969697,35.18933013360408,49.60918148290857,0.8590163934426229,0.3377239199157007,31.73537871524449,69.12045889101339,51.515151515151516,62.5,37.5,52.38095238095239,207.33333333333334,3788.0
5,0,769,1916,433,590,174,532,355,617,972,454,644,317,531,126,2146,807,1835,438,608,155,434,316,660,976,532,602,297,544,113,2209,13,18,32,10,6,3,12,9,11,6460,119032,0,0,44.676409185803756,48.201634877384194,-3.525225691580438,6706.25,6903.125,-196.875,16.59375,30.375,1702.56,53.205,31.18832816464618,49.31972789115647,0.8549905838041432,0.3079331941544885,34.97536945812808,66.13076098606645,40.625,62.5,20.0,45.0,201.875,3719.75
5,0,768,1900,433,587,179,538,339,613,953,459,650,306,526,114,2148,797,1818,449,621,158,445,313,662,975,523,617,294,546,116,2202,13,18,32,9,6,3,12,8,12,6445,118499,0,0,45.131578947368425,48.18481848184818,-3.053239534479758,6712.5,6881.25,-168.75,16.4375,29.78125,1696.76,53.02375,31.000259317758548,49.76184739700131,0.8726235741444867,0.30894736842105264,33.86613386613387,66.1987041036717,40.625,60.0,20.0,40.0,201.40625,3703.09375
6,0,778,1920,444,619,118,341,314,631,946,501,705,278,535,115,2119,853,1915,493,687,125,346,352,702,1055,504,656,270,524,145,2325,7,26,34,6,10,1,15,5,15,6924,101322,0,0,43.59375,47.806788511749346,-4.213038511749346,6232.35294117647,6838.235294117647,-605.8823529411766,15.735294117647058,27.823529411764707,1733.8200000000002,50.994705882352946,30.856720997566068,48.32691711215311,0.9364485981308411,0.3223958333333333,30.905511811023622,64.1912512716175,20.588235294117645,37.5,6.25,25.0,203.64705882352942,2980.0588235294117
5,0,790,1909,436,598,170,485,300,696,997,511,628,249,525,128,2189,850,2003,435,591,129,371,348,695,1044,533,652,269,477,138,2266,14,19,34,10,6,3,13,8,12,6859,113980,0,0,45.835515976951285,45.65651522715926,0.1790007497920243,6438.235294117647,6664.7058823529405,-226.4705882352937,15.441176470588236,29.323529411764707,1698.08,49.9435294117647,30.917271271082637,50.38856048468777,0.9733333333333334,0.3132530120481928,30.15075376884422,66.66666666666666,41.17647058823529,62.5,18.75,40.0,201.73529411764707,3352.3529411764707
3,1,750,1852,455,586,176,520,325,649,975,467,564,269,448,110,2133,804,1851,369,516,153,452,298,647,945,504,641,232,472,144,2130,16,15,32,10,5,6,9,12,8,6443,134698,1,0,45.248380129589634,47.56888168557536,-2.3205015559857287,6665.625,6656.25,9.375,14.0,30.46875,1593.94,49.810625,28.106453191462666,50.54885678534865,1.0424107142857142,0.31641468682505397,33.43621399176955,68.53220696937699,50.0,66.66666666666666,40.0,60.0,201.34375,4209.3125
6,0,751,1827,477,661,155,466,310,628,939,469,699,265,545,95,2137,792,1837,510,685,153,452,301,645,946,493,704,261,512,134,2250,11,20,32,7,8,4,11,6,14,6494,133644,0,0,45.347564313081556,47.27817093086554,-1.9306066177839867,6678.125,7031.25,-353.125,17.03125,29.34375,1714.1200000000001,53.566250000000004,31.79474015821529,50.4523476749896,0.8605504587155963,0.36179529282977557,32.460732984293195,67.59956942949408,34.375,46.666666666666664,26.666666666666668,30.0,202.9375,4176.375
5,0,911,2184,528,769,146,437,369,775,1145,571,636,265,517,131,2497,938,2222,503,648,176,495,372,818,1190,556,681,248,542,130,2557,12,21,34,7,9,5,11,8,11,6921,64242,0,0,45.05494505494506,46.17461746174617,-1.119672406801115,7344.117647058823,7520.588235294117,-176.4705882352937,15.205882352941176,33.6764705882353,1876.74,55.198235294117644,27.5477690036979,49.497296182939785,1.1044487427466152,0.35210622710622713,31.08677337826453,67.56756756756756,35.294117647058826,43.75,31.25,42.10526315789473,203.55882352941177,1889.4705882352941
4,0,725,1861,499,677,176,546,321,710,1032,487,675,236,567,133,2126,781,1952,493,649,118,391,325,702,1027,509,694,301,488,129,2175,15,17,33,8,7,6,10,10,10,6688,123157,0,0,43.68619022031166,43.0327868852459,0.6534033350657609,6442.424242424242,6590.909090909091,-148.48484848484895,17.181818181818183,31.272727272727273,1696.22,51.40060606060606,33.42726768933275,49.238494033943525,0.8589065255731922,0.36378291241268135,31.378299120234605,68.59903381642512,45.45454545454545,53.333333333333336,37.5,50.0,202.66666666666666,3732.030303030303
5,0,944,2188,577,771,136,416,343,737,1080,532,702,293,476,130,2604,938,2145,543,717,158,475,349,805,1155,572,715,252,555,130,2578,16,17,33,9,7,6,10,9,10,6783,118272,0,0,46.25228519195612,47.41258741258741,-1.1603022206312943,7890.909090909091,7812.121212121212,78.78787878787898,14.424242424242424,32.72727272727273,1891.86,57.32909090909091,25.160424132863955,51.518652759532145,1.1176470588235294,0.3523765996343693,29.878048780487802,67.86372007366482,48.484848484848484,56.25,37.5,47.368421052631575,205.54545454545453,3584.0
7,0,723,1817,421,587,97,318,273,600,874,429,640,261,520,98,1965,820,1830,466,619,138,386,301,716,1018,532,620,282,514,125,2245,7,25,32,4,11,2,14,4,16,6630,142641,0,0,42.460099064391855,48.57923497267759,-6.119135908285735,6140.625,7015.625,-875.0,16.25,27.3125,1659.8200000000002,51.869375000000005,31.328698292585937,47.343009136116564,0.825,0.3230599889928453,27.603640040444894,66.59267480577137,21.875,26.666666666666668,12.5,20.0,207.1875,4457.53125
7,0,810,1961,472,617,84,261,309,692,1002,488,633,277,508,106,2177,880,1984,422,572,166,455,321,724,1045,565,629,279,508,131,2350,8,25,34,6,11,2,14,5,16,6881,142967,0,0,43.447220805711375,48.538306451612904,-5.091085645901529,6402.941176470588,6911.764705882353,-508.82352941176487,14.941176470588236,29.470588235294116,1718.58,50.546470588235294,29.55928731860024,48.75743567691536,0.9606299212598425,0.31463539010708824,29.912875121006778,68.31194471865746,23.52941176470588,35.294117647058826,12.5,23.809523809523807,202.38235294117646,4204.911764705882
4,0,741,1845,447,582,156,475,310,635,946,466,578,275,461,111,2087,798,1838,389,526,154,442,301,659,960,511,634,242,483,139,2140,15,16,32,10,6,5,10,10,10,6432,135539,0,0,44.390243902439025,47.606093579978236,-3.215849677539211,6521.875,6687.5,-165.625,14.40625,29.5625,1604.26,50.133125,28.735990425492126,49.66493422430369,1.0108459869848156,0.3154471544715447,31.991744066047474,67.84188034188034,46.875,62.5,33.33333333333333,50.0,201.0,4235.59375
5,0,828,2060,552,741,169,467,355,711,1067,464,669,291,554,87,2377,896,2060,466,634,176,493,320,765,1086,551,716,276,569,183,2435,15,17,33,10,6,5,11,7,12,6699,138549,0,0,44.296116504854375,47.76699029126213,-3.4708737864077577,7203.030303030303,7378.787878787878,-175.75757575757507,16.78787878787879,32.333333333333336,1847.5,55.984848484848484,29.98646820027064,49.81056478516705,0.8375451263537906,0.35970873786407764,31.69642857142857,68.96217264791464,45.45454545454545,62.5,31.25,36.84210526315789,203.0,4198.454545454545
4,0,780,1877,416,541,86,273,296,673,970,478,613,287,477,131,2063,774,1851,418,577,143,428,311,686,998,473,577,268,502,106,2110,14,17,32,8,8,6,9,10,11,6711,142173,0,0,43.84656366542355,45.67801188546731,-1.831448220043761,6446.875,6593.75,-146.875,14.90625,30.3125,1615.46,50.483125,29.527193492875092,48.769763219608144,1.0020964360587001,0.2882258923814598,30.14256619144603,68.39430894308943,43.75,50.0,40.0,47.61904761904761,209.71875,4442.90625
2,0,826,1982,472,608,181,512,353,662,1016,519,700,270,510,110,2307,832,1964,506,692,143,418,371,659,1030,506,614,267,481,113,2314,16,17,34,11,5,4,12,11,12,6855,120266,0,0,46.24117053481332,46.0030549898167,0.23811554499662435,6785.2941176470595,6805.882352941177,-20.588235294117112,15.0,29.88235294117647,1731.5,50.9264705882353,29.454230436038113,51.27760588925637,1.0176470588235293,0.3067608476286579,34.88142292490119,64.08518877057115,47.05882352941176,68.75,25.0,47.82608695652174,201.61764705882354,3537.235294117647
5,0,703,1830,526,690,169,526,310,675,985,444,672,218,502,127,2103,771,1934,474,598,153,467,331,684,1016,515,702,259,475,122,2171,12,19,32,6,9,5,10,9,11,6479,120048,0,0,43.0327868852459,43.821096173733196,-0.788309288487298,6571.875,6784.375,-212.5,15.6875,30.78125,1653.36,51.6675,30.36241350945953,49.282902137232846,0.8844621513944223,0.3770491803278688,31.18712273641851,67.09741550695824,37.5,40.0,33.33333333333333,45.0,202.46875,3751.5
2,1,868,2098,497,682,199,607,351,798,1150,567,644,233,548,117,2434,881,2132,480,653,126,415,342,778,1120,531,689,291,500,118,2370,19,14,34,12,4,7,9,12,8,6850,127593,1,0,46.11534795042898,44.27767354596623,1.8376744044627529,7158.823529411765,6970.588235294117,188.23529411764775,16.11764705882353,33.8235294117647,1797.7,52.87352941176471,30.483395449741334,50.748932479316785,1.0346715328467153,0.32507149666348906,31.089459698848536,70.0,55.88235294117647,75.0,43.75,60.0,201.47058823529412,3752.735294117647
2,1,817,1868,489,624,118,364,269,704,974,465,547,253,441,113,2243,803,1947,364,499,155,465,312,678,990,503,660,225,471,109,2125,20,13,33,12,3,7,9,12,10,6661,154634,1,0,46.895074946466806,45.22342064714946,1.6716542993173462,6796.969696969697,6439.393939393939,357.57575757575796,13.363636363636363,29.515151515151516,1628.56,49.35030303030303,27.079137397455423,52.343925024270035,1.054421768707483,0.3340471092077088,28.405491024287223,69.29133858267717,60.60606060606061,80.0,43.75,54.54545454545454,201.84848484848484,4685.878787878788
3,0,826,1869,455,560,202,591,247,734,981,494,618,212,464,114,2311,859,2019,446,614,126,401,347,689,1036,475,593,275,411,88,2291,17,16,34,9,7,7,9,9,11,6920,172573,0,0,49.59871589085072,45.66617137196632,3.9325445188843986,6797.058823529412,6738.235294117647,58.823529411764866,13.647058823529411,28.852941176470587,1631.28,47.97882352941176,28.44392133784513,54.623239103715605,1.0646551724137931,0.299625468164794,26.38888888888889,67.90009250693802,50.0,56.25,43.75,45.0,203.52941176470588,5075.676470588235
